{"formatVersion":1,"offset":0.0,"judgeLineList":[{"bpm":250.0,"notesAbove":[{"type":1,"time":896,"positionX":-5.74124,"holdTime":0.0,"speed":1.0,"floorPosition":2.688},{"type":1,"time":1216,"positionX":-2.848158,"holdTime":0.0,"speed":1.0,"floorPosition":10.416},{"type":1,"time":1216,"positionX":2.722372,"holdTime":0.0,"speed":1.0,"floorPosition":10.416},{"type":1,"time":1248,"positionX":-5.553997,"holdTime":0.0,"speed":1.0,"floorPosition":10.776},{"type":1,"time":1256,"positionX":-1.893408,"holdTime":0.0,"speed":1.0,"floorPosition":10.884001},{"type":1,"time":1264,"positionX":1.542777,"holdTime":0.0,"speed":1.0,"floorPosition":10.992001},{"type":1,"time":1272,"positionX":4.86676,"holdTime":0.0,"speed":1.0,"floorPosition":11.1},{"type":1,"time":1280,"positionX":-4.025246,"holdTime":0.0,"speed":1.0,"floorPosition":11.208},{"type":1,"time":1312,"positionX":1.662174,"holdTime":0.0,"speed":1.0,"floorPosition":11.64},{"type":1,"time":1328,"positionX":-5.148249,"holdTime":0.0,"speed":1.0,"floorPosition":11.856},{"type":1,"time":1360,"positionX":3.854447,"holdTime":0.0,"speed":1.0,"floorPosition":12.288},{"type":1,"time":1376,"positionX":-2.488769,"holdTime":0.0,"speed":1.0,"floorPosition":12.504001},{"type":1,"time":1408,"positionX":-3.674753,"holdTime":0.0,"speed":1.0,"floorPosition":12.936001},{"type":1,"time":1408,"positionX":2.291105,"holdTime":0.0,"speed":1.0,"floorPosition":12.936001},{"type":1,"time":1440,"positionX":5.806451,"holdTime":0.0,"speed":1.0,"floorPosition":13.368},{"type":1,"time":1448,"positionX":2.117813,"holdTime":0.0,"speed":1.0,"floorPosition":13.476001},{"type":1,"time":1456,"positionX":-2.159887,"holdTime":0.0,"speed":1.0,"floorPosition":13.584001},{"type":1,"time":1464,"positionX":-5.652174,"holdTime":0.0,"speed":1.0,"floorPosition":13.692},{"type":1,"time":1472,"positionX":4.165498,"holdTime":0.0,"speed":1.0,"floorPosition":13.8},{"type":1,"time":1488,"positionX":-3.962265,"holdTime":0.0,"speed":1.0,"floorPosition":14.016001},{"type":1,"time":1504,"positionX":1.542777,"holdTime":0.0,"speed":1.0,"floorPosition":14.232},{"type":1,"time":1536,"positionX":-5.813118,"holdTime":0.0,"speed":1.0,"floorPosition":14.6640005},{"type":1,"time":1536,"positionX":5.345912,"holdTime":0.0,"speed":1.0,"floorPosition":14.6640005},{"type":1,"time":1568,"positionX":1.374663,"holdTime":0.0,"speed":1.0,"floorPosition":15.144001},{"type":1,"time":1568,"positionX":-3.243486,"holdTime":0.0,"speed":1.0,"floorPosition":15.144001},{"type":1,"time":1584,"positionX":-5.813118,"holdTime":0.0,"speed":1.0,"floorPosition":15.384002},{"type":1,"time":1600,"positionX":-2.77628,"holdTime":0.0,"speed":1.0,"floorPosition":15.6240015},{"type":1,"time":1600,"positionX":5.399821,"holdTime":0.0,"speed":1.0,"floorPosition":15.6240015},{"type":1,"time":1632,"positionX":1.716084,"holdTime":0.0,"speed":1.0,"floorPosition":16.104002},{"type":1,"time":1632,"positionX":-4.501348,"holdTime":0.0,"speed":1.0,"floorPosition":16.104002},{"type":1,"time":1664,"positionX":5.315567,"holdTime":0.0,"speed":1.0,"floorPosition":16.584002},{"type":1,"time":1664,"positionX":-2.776999,"holdTime":0.0,"speed":1.0,"floorPosition":16.584002},{"type":1,"time":1712,"positionX":-3.78257,"holdTime":0.0,"speed":1.0,"floorPosition":17.304},{"type":1,"time":1712,"positionX":4.285715,"holdTime":0.0,"speed":1.0,"floorPosition":17.304},{"type":1,"time":1760,"positionX":-5.13028,"holdTime":0.0,"speed":1.0,"floorPosition":18.024002},{"type":1,"time":1760,"positionX":1.680144,"holdTime":0.0,"speed":1.0,"floorPosition":18.024002},{"type":1,"time":1792,"positionX":4.591196,"holdTime":0.0,"speed":1.0,"floorPosition":18.504002},{"type":1,"time":1792,"positionX":-3.207547,"holdTime":0.0,"speed":1.0,"floorPosition":18.504002},{"type":1,"time":1808,"positionX":-3.243486,"holdTime":0.0,"speed":1.0,"floorPosition":18.744001},{"type":1,"time":1824,"positionX":2.722372,"holdTime":0.0,"speed":1.0,"floorPosition":18.984001},{"type":1,"time":1840,"positionX":-5.74124,"holdTime":0.0,"speed":1.0,"floorPosition":19.224},{"type":1,"time":1856,"positionX":5.651393,"holdTime":0.0,"speed":1.0,"floorPosition":19.464},{"type":1,"time":1856,"positionX":-5.777179,"holdTime":0.0,"speed":1.0,"floorPosition":19.464},{"type":1,"time":1888,"positionX":3.243487,"holdTime":0.0,"speed":1.0,"floorPosition":19.944002},{"type":1,"time":1888,"positionX":-2.650495,"holdTime":0.0,"speed":1.0,"floorPosition":19.944002},{"type":3,"time":1920,"positionX":4.357592,"holdTime":64.0,"speed":2.0,"floorPosition":20.424002},{"type":1,"time":1920,"positionX":-4.914645,"holdTime":0.0,"speed":1.0,"floorPosition":20.424002},{"type":1,"time":1968,"positionX":-4.4115,"holdTime":0.0,"speed":1.0,"floorPosition":21.144001},{"type":4,"time":1984,"positionX":-0.02805042,"holdTime":0.0,"speed":1.0,"floorPosition":21.384},{"type":1,"time":2016,"positionX":-4.878706,"holdTime":0.0,"speed":1.0,"floorPosition":21.864002},{"type":1,"time":2016,"positionX":3.7646,"holdTime":0.0,"speed":1.0,"floorPosition":21.864002},{"type":1,"time":2048,"positionX":-6.082661,"holdTime":0.0,"speed":1.0,"floorPosition":22.344002},{"type":1,"time":2048,"positionX":1.374663,"holdTime":0.0,"speed":1.0,"floorPosition":22.344002},{"type":1,"time":2080,"positionX":-2.327044,"holdTime":0.0,"speed":1.0,"floorPosition":22.824001},{"type":1,"time":2080,"positionX":2.848158,"holdTime":0.0,"speed":1.0,"floorPosition":22.824001},{"type":1,"time":2096,"positionX":4.788859,"holdTime":0.0,"speed":1.0,"floorPosition":23.064001},{"type":1,"time":2112,"positionX":-5.202156,"holdTime":0.0,"speed":1.0,"floorPosition":23.304},{"type":1,"time":2112,"positionX":2.805049,"holdTime":0.0,"speed":1.0,"floorPosition":23.304},{"type":1,"time":2144,"positionX":-1.80593,"holdTime":0.0,"speed":1.0,"floorPosition":23.784002},{"type":1,"time":2144,"positionX":3.884993,"holdTime":0.0,"speed":1.0,"floorPosition":23.784002},{"type":1,"time":2176,"positionX":-5.579515,"holdTime":0.0,"speed":1.0,"floorPosition":24.264002},{"type":1,"time":2176,"positionX":1.3885,"holdTime":0.0,"speed":1.0,"floorPosition":24.264002},{"type":1,"time":2224,"positionX":-2.506739,"holdTime":0.0,"speed":1.0,"floorPosition":24.984001},{"type":1,"time":2224,"positionX":4.788859,"holdTime":0.0,"speed":1.0,"floorPosition":24.984001},{"type":1,"time":2272,"positionX":4.213836,"holdTime":0.0,"speed":1.0,"floorPosition":25.704002},{"type":1,"time":2272,"positionX":-5.417789,"holdTime":0.0,"speed":1.0,"floorPosition":25.704002},{"type":1,"time":2304,"positionX":2.991914,"holdTime":0.0,"speed":1.0,"floorPosition":26.184002},{"type":1,"time":2304,"positionX":-2.884097,"holdTime":0.0,"speed":1.0,"floorPosition":26.184002},{"type":1,"time":2320,"positionX":3.063792,"holdTime":0.0,"speed":1.0,"floorPosition":26.424002},{"type":1,"time":2336,"positionX":-6.028751,"holdTime":0.0,"speed":1.0,"floorPosition":26.664001},{"type":1,"time":2352,"positionX":5.651393,"holdTime":0.0,"speed":1.0,"floorPosition":26.904001},{"type":1,"time":2368,"positionX":-3.279425,"holdTime":0.0,"speed":1.0,"floorPosition":27.144001},{"type":1,"time":2368,"positionX":5.74124,"holdTime":0.0,"speed":1.0,"floorPosition":27.144001},{"type":1,"time":2400,"positionX":-1.105122,"holdTime":0.0,"speed":1.0,"floorPosition":27.624},{"type":1,"time":2400,"positionX":6.118599,"holdTime":0.0,"speed":1.0,"floorPosition":27.624},{"type":4,"time":2432,"positionX":3.423181,"holdTime":0.0,"speed":1.0,"floorPosition":28.104002},{"type":4,"time":2432,"positionX":-4.016172,"holdTime":0.0,"speed":1.0,"floorPosition":28.104002},{"type":1,"time":2560,"positionX":-3.800539,"holdTime":0.0,"speed":1.0,"floorPosition":40.824},{"type":1,"time":2560,"positionX":2.794249,"holdTime":0.0,"speed":1.0,"floorPosition":40.824},{"type":1,"time":2592,"positionX":-5.399719,"holdTime":0.0,"speed":1.0,"floorPosition":41.304},{"type":1,"time":2592,"positionX":5.220126,"holdTime":0.0,"speed":1.0,"floorPosition":41.304},{"type":1,"time":2608,"positionX":5.203365,"holdTime":0.0,"speed":1.0,"floorPosition":41.544003},{"type":1,"time":2624,"positionX":-6.837376,"holdTime":0.0,"speed":1.0,"floorPosition":41.784},{"type":1,"time":2624,"positionX":2.496494,"holdTime":0.0,"speed":1.0,"floorPosition":41.784},{"type":1,"time":2656,"positionX":-2.524709,"holdTime":0.0,"speed":1.0,"floorPosition":42.264},{"type":1,"time":2656,"positionX":5.112309,"holdTime":0.0,"speed":1.0,"floorPosition":42.264},{"type":1,"time":2688,"positionX":-4.914645,"holdTime":0.0,"speed":1.0,"floorPosition":42.744003},{"type":1,"time":2688,"positionX":2.686433,"holdTime":0.0,"speed":1.0,"floorPosition":42.744003},{"type":1,"time":2736,"positionX":-2.057503,"holdTime":0.0,"speed":1.0,"floorPosition":43.464},{"type":1,"time":2736,"positionX":4.465409,"holdTime":0.0,"speed":1.0,"floorPosition":43.464},{"type":1,"time":2784,"positionX":2.061711,"holdTime":0.0,"speed":1.0,"floorPosition":44.184002},{"type":1,"time":2784,"positionX":-3.786817,"holdTime":0.0,"speed":1.0,"floorPosition":44.184002},{"type":1,"time":2816,"positionX":4.922861,"holdTime":0.0,"speed":1.0,"floorPosition":44.664},{"type":1,"time":2816,"positionX":-5.385695,"holdTime":0.0,"speed":1.0,"floorPosition":44.664},{"type":1,"time":2832,"positionX":1.136045,"holdTime":0.0,"speed":1.0,"floorPosition":44.904003},{"type":1,"time":2848,"positionX":-2.089762,"holdTime":0.0,"speed":1.0,"floorPosition":45.144},{"type":1,"time":2864,"positionX":1.136045,"holdTime":0.0,"speed":1.0,"floorPosition":45.384003},{"type":1,"time":2880,"positionX":4.824797,"holdTime":0.0,"speed":1.0,"floorPosition":45.624},{"type":1,"time":2880,"positionX":-5.596073,"holdTime":0.0,"speed":1.0,"floorPosition":45.624},{"type":1,"time":2912,"positionX":-3.009883,"holdTime":0.0,"speed":1.0,"floorPosition":46.104},{"type":1,"time":2912,"positionX":6.208446,"holdTime":0.0,"speed":1.0,"floorPosition":46.104},{"type":3,"time":2944,"positionX":-4.357592,"holdTime":64.0,"speed":2.0,"floorPosition":46.584},{"type":1,"time":2944,"positionX":4.740534,"holdTime":0.0,"speed":1.0,"floorPosition":46.584},{"type":1,"time":2992,"positionX":4.670406,"holdTime":0.0,"speed":1.0,"floorPosition":47.304},{"type":4,"time":3008,"positionX":0.4043121,"holdTime":0.0,"speed":1.0,"floorPosition":47.544003},{"type":1,"time":3040,"positionX":5.597484,"holdTime":0.0,"speed":1.0,"floorPosition":48.024002},{"type":1,"time":3072,"positionX":2.938006,"holdTime":0.0,"speed":1.0,"floorPosition":48.504},{"type":1,"time":3072,"positionX":-1.514727,"holdTime":0.0,"speed":1.0,"floorPosition":48.504},{"type":1,"time":3104,"positionX":4.878706,"holdTime":0.0,"speed":1.0,"floorPosition":48.984},{"type":1,"time":3104,"positionX":-4.842768,"holdTime":0.0,"speed":1.0,"floorPosition":48.984},{"type":1,"time":3120,"positionX":-1.626928,"holdTime":0.0,"speed":1.0,"floorPosition":49.224003},{"type":1,"time":3136,"positionX":2.794249,"holdTime":0.0,"speed":1.0,"floorPosition":49.464},{"type":1,"time":3136,"positionX":-4.86676,"holdTime":0.0,"speed":1.0,"floorPosition":49.464},{"type":1,"time":3168,"positionX":4.447439,"holdTime":0.0,"speed":1.0,"floorPosition":49.944},{"type":1,"time":3168,"positionX":-3.08176,"holdTime":0.0,"speed":1.0,"floorPosition":49.944},{"type":1,"time":3200,"positionX":1.841869,"holdTime":0.0,"speed":1.0,"floorPosition":50.424},{"type":1,"time":3200,"positionX":-4.699012,"holdTime":0.0,"speed":1.0,"floorPosition":50.424},{"type":1,"time":3248,"positionX":5.076369,"holdTime":0.0,"speed":1.0,"floorPosition":51.144},{"type":1,"time":3248,"positionX":-5.489668,"holdTime":0.0,"speed":1.0,"floorPosition":51.144},{"type":1,"time":3296,"positionX":-4.465408,"holdTime":0.0,"speed":1.0,"floorPosition":51.864002},{"type":1,"time":3296,"positionX":3.207548,"holdTime":0.0,"speed":1.0,"floorPosition":51.864002},{"type":1,"time":3328,"positionX":-1.769991,"holdTime":0.0,"speed":1.0,"floorPosition":52.344},{"type":1,"time":3328,"positionX":3.141655,"holdTime":0.0,"speed":1.0,"floorPosition":52.344},{"type":1,"time":3344,"positionX":-5.74124,"holdTime":0.0,"speed":1.0,"floorPosition":52.584},{"type":1,"time":3360,"positionX":6.567835,"holdTime":0.0,"speed":1.0,"floorPosition":52.824},{"type":1,"time":3376,"positionX":-1.809257,"holdTime":0.0,"speed":1.0,"floorPosition":53.064003},{"type":1,"time":3392,"positionX":-5.848527,"holdTime":0.0,"speed":1.0,"floorPosition":53.304},{"type":1,"time":3392,"positionX":3.015428,"holdTime":0.0,"speed":1.0,"floorPosition":53.304},{"type":1,"time":3424,"positionX":6.479663,"holdTime":0.0,"speed":1.0,"floorPosition":53.784},{"type":1,"time":3424,"positionX":-1.837307,"holdTime":0.0,"speed":1.0,"floorPosition":53.784},{"type":3,"time":3456,"positionX":3.423181,"holdTime":64.0,"speed":2.0,"floorPosition":54.264},{"type":1,"time":3456,"positionX":-5.148249,"holdTime":0.0,"speed":1.0,"floorPosition":54.264},{"type":4,"time":3520,"positionX":-2.103786,"holdTime":0.0,"speed":1.0,"floorPosition":55.224003},{"type":1,"time":6248,"positionX":-0.2785263,"holdTime":0.0,"speed":1.0,"floorPosition":323.754},{"type":1,"time":6279,"positionX":3.908355,"holdTime":0.0,"speed":1.0,"floorPosition":324.10275},{"type":1,"time":6279,"positionX":-2.830189,"holdTime":0.0,"speed":1.0,"floorPosition":324.10275},{"type":1,"time":6327,"positionX":-1.769991,"holdTime":0.0,"speed":1.0,"floorPosition":324.64273},{"type":1,"time":6343,"positionX":-5.112309,"holdTime":0.0,"speed":1.0,"floorPosition":324.82275},{"type":1,"time":6343,"positionX":3.80054,"holdTime":0.0,"speed":1.0,"floorPosition":324.82275},{"type":1,"time":6374,"positionX":-0.3144655,"holdTime":0.0,"speed":1.0,"floorPosition":325.1715},{"type":1,"time":6406,"positionX":2.165318,"holdTime":0.0,"speed":1.0,"floorPosition":325.5315},{"type":1,"time":6406,"positionX":-4.537287,"holdTime":0.0,"speed":1.0,"floorPosition":325.5315},{"type":1,"time":6422,"positionX":2.159887,"holdTime":0.0,"speed":1.0,"floorPosition":325.7115},{"type":1,"time":6453,"positionX":4.754558,"holdTime":0.0,"speed":1.0,"floorPosition":326.06024},{"type":1,"time":6469,"positionX":4.734951,"holdTime":0.0,"speed":1.0,"floorPosition":326.24023},{"type":1,"time":6469,"positionX":-3.602876,"holdTime":0.0,"speed":1.0,"floorPosition":326.24023},{"type":1,"time":6500,"positionX":0.4222822,"holdTime":0.0,"speed":1.0,"floorPosition":326.589},{"type":1,"time":6531,"positionX":-3.566936,"holdTime":0.0,"speed":1.0,"floorPosition":326.94},{"type":1,"time":6531,"positionX":4.483378,"holdTime":0.0,"speed":1.0,"floorPosition":326.94},{"type":1,"time":6547,"positionX":-3.576437,"holdTime":0.0,"speed":1.0,"floorPosition":327.132},{"type":1,"time":6578,"positionX":-2.309074,"holdTime":0.0,"speed":1.0,"floorPosition":327.504},{"type":1,"time":6593,"positionX":-2.314166,"holdTime":0.0,"speed":1.0,"floorPosition":327.684},{"type":1,"time":6593,"positionX":3.692722,"holdTime":0.0,"speed":1.0,"floorPosition":327.684},{"type":1,"time":6624,"positionX":0.4761896,"holdTime":0.0,"speed":1.0,"floorPosition":328.056},{"type":4,"time":6655,"positionX":-2.345014,"holdTime":0.0,"speed":1.0,"floorPosition":328.42798},{"type":4,"time":6685,"positionX":2.255166,"holdTime":0.0,"speed":1.0,"floorPosition":328.788},{"type":4,"time":6716,"positionX":-3.620844,"holdTime":0.0,"speed":1.0,"floorPosition":329.16},{"type":4,"time":6746,"positionX":2.668463,"holdTime":0.0,"speed":1.0,"floorPosition":329.52},{"type":1,"time":6776,"positionX":-1.446541,"holdTime":0.0,"speed":1.0,"floorPosition":329.88},{"type":1,"time":6776,"positionX":4.573225,"holdTime":0.0,"speed":1.0,"floorPosition":329.88},{"type":1,"time":6821,"positionX":0.02695465,"holdTime":0.0,"speed":1.0,"floorPosition":330.42},{"type":1,"time":6836,"positionX":-3.638814,"holdTime":0.0,"speed":1.0,"floorPosition":330.6},{"type":1,"time":6836,"positionX":5.238095,"holdTime":0.0,"speed":1.0,"floorPosition":330.6},{"type":1,"time":6866,"positionX":-0.2066488,"holdTime":0.0,"speed":1.0,"floorPosition":330.9735},{"type":1,"time":6896,"positionX":-1.320755,"holdTime":0.0,"speed":1.0,"floorPosition":331.35602},{"type":1,"time":6896,"positionX":3.980234,"holdTime":0.0,"speed":1.0,"floorPosition":331.35602},{"type":1,"time":6911,"positionX":-1.338724,"holdTime":0.0,"speed":1.0,"floorPosition":331.54724},{"type":1,"time":6940,"positionX":3.09973,"holdTime":0.0,"speed":1.0,"floorPosition":331.917},{"type":1,"time":6955,"positionX":3.081761,"holdTime":0.0,"speed":1.0,"floorPosition":332.10825},{"type":1,"time":6955,"positionX":-3.09973,"holdTime":0.0,"speed":1.0,"floorPosition":332.10825},{"type":1,"time":6984,"positionX":0.2425871,"holdTime":0.0,"speed":1.0,"floorPosition":332.478},{"type":1,"time":7014,"positionX":-4.627133,"holdTime":0.0,"speed":1.0,"floorPosition":332.86047},{"type":1,"time":7014,"positionX":4.609164,"holdTime":0.0,"speed":1.0,"floorPosition":332.86047},{"type":1,"time":7028,"positionX":-4.591195,"holdTime":0.0,"speed":1.0,"floorPosition":333.039},{"type":1,"time":7057,"positionX":2.524709,"holdTime":0.0,"speed":1.0,"floorPosition":333.40875},{"type":1,"time":7072,"positionX":2.524709,"holdTime":0.0,"speed":1.0,"floorPosition":333.6},{"type":1,"time":7072,"positionX":-4.645103,"holdTime":0.0,"speed":1.0,"floorPosition":333.6},{"type":1,"time":7101,"positionX":-1.626235,"holdTime":0.0,"speed":1.0,"floorPosition":333.96976},{"type":4,"time":7130,"positionX":2.902067,"holdTime":0.0,"speed":1.0,"floorPosition":334.33948},{"type":4,"time":7158,"positionX":-4.123989,"holdTime":0.0,"speed":1.0,"floorPosition":334.713},{"type":4,"time":7187,"positionX":1.194968,"holdTime":0.0,"speed":1.0,"floorPosition":335.10452},{"type":4,"time":7216,"positionX":-2.596586,"holdTime":0.0,"speed":1.0,"floorPosition":335.496},{"type":1,"time":7244,"positionX":3.297395,"holdTime":0.0,"speed":1.0,"floorPosition":335.874},{"type":1,"time":7244,"positionX":-6.118599,"holdTime":0.0,"speed":1.0,"floorPosition":335.874},{"type":1,"time":7287,"positionX":-0.04492378,"holdTime":0.0,"speed":1.0,"floorPosition":336.4545},{"type":1,"time":7301,"positionX":-3.908356,"holdTime":0.0,"speed":1.0,"floorPosition":336.6435},{"type":1,"time":7301,"positionX":5.597484,"holdTime":0.0,"speed":1.0,"floorPosition":336.6435},{"type":1,"time":7329,"positionX":0.06289387,"holdTime":0.0,"speed":1.0,"floorPosition":337.02148},{"type":1,"time":7357,"positionX":-3.908356,"holdTime":0.0,"speed":1.0,"floorPosition":337.3995},{"type":1,"time":7357,"positionX":5.256064,"holdTime":0.0,"speed":1.0,"floorPosition":337.3995},{"type":1,"time":7371,"positionX":-3.941093,"holdTime":0.0,"speed":1.0,"floorPosition":337.5885},{"type":1,"time":7399,"positionX":1.752022,"holdTime":0.0,"speed":1.0,"floorPosition":337.9665},{"type":1,"time":7413,"positionX":1.767181,"holdTime":0.0,"speed":1.0,"floorPosition":338.15552},{"type":1,"time":7413,"positionX":-4.75292,"holdTime":0.0,"speed":1.0,"floorPosition":338.15552},{"type":1,"time":7440,"positionX":-1.105122,"holdTime":0.0,"speed":1.0,"floorPosition":338.52},{"type":1,"time":7468,"positionX":-4.321653,"holdTime":0.0,"speed":1.0,"floorPosition":338.898},{"type":1,"time":7468,"positionX":3.836478,"holdTime":0.0,"speed":1.0,"floorPosition":338.898},{"type":1,"time":7482,"positionX":3.836478,"holdTime":0.0,"speed":1.0,"floorPosition":339.087},{"type":1,"time":7510,"positionX":-2.309074,"holdTime":0.0,"speed":1.0,"floorPosition":339.465},{"type":1,"time":7523,"positionX":-2.314166,"holdTime":0.0,"speed":1.0,"floorPosition":339.6405},{"type":1,"time":7523,"positionX":4.77089,"holdTime":0.0,"speed":1.0,"floorPosition":339.6405},{"type":1,"time":7551,"positionX":-5.148249,"holdTime":0.0,"speed":1.0,"floorPosition":340.0185},{"type":4,"time":7578,"positionX":1.338724,"holdTime":0.0,"speed":1.0,"floorPosition":340.4025},{"type":4,"time":7605,"positionX":-3.764601,"holdTime":0.0,"speed":1.0,"floorPosition":340.78726},{"type":4,"time":7633,"positionX":3.405211,"holdTime":0.0,"speed":1.0,"floorPosition":341.18625},{"type":4,"time":7659,"positionX":-3.872417,"holdTime":0.0,"speed":1.0,"floorPosition":341.55676},{"type":1,"time":7686,"positionX":0.2964954,"holdTime":0.0,"speed":1.0,"floorPosition":341.94153},{"type":1,"time":7686,"positionX":5.74124,"holdTime":0.0,"speed":1.0,"floorPosition":341.94153},{"type":1,"time":7727,"positionX":-3.225516,"holdTime":0.0,"speed":1.0,"floorPosition":342.52576},{"type":1,"time":7740,"positionX":-5.777179,"holdTime":0.0,"speed":1.0,"floorPosition":342.711},{"type":1,"time":7740,"positionX":5.058401,"holdTime":0.0,"speed":1.0,"floorPosition":342.711},{"type":1,"time":7767,"positionX":-0.8715191,"holdTime":0.0,"speed":1.0,"floorPosition":343.09576},{"type":1,"time":7793,"positionX":-4.75292,"holdTime":0.0,"speed":1.0,"floorPosition":343.46625},{"type":1,"time":7793,"positionX":5.220126,"holdTime":0.0,"speed":1.0,"floorPosition":343.46625},{"type":1,"time":7807,"positionX":0.06289387,"holdTime":0.0,"speed":1.0,"floorPosition":343.66577},{"type":1,"time":7833,"positionX":-2.345014,"holdTime":0.0,"speed":1.0,"floorPosition":344.03625},{"type":1,"time":7846,"positionX":-5.43576,"holdTime":0.0,"speed":1.0,"floorPosition":344.22153},{"type":1,"time":7846,"positionX":3.980234,"holdTime":0.0,"speed":1.0,"floorPosition":344.22153},{"type":1,"time":7872,"positionX":-1.230907,"holdTime":0.0,"speed":1.0,"floorPosition":344.592},{"type":1,"time":7899,"positionX":3.171607,"holdTime":0.0,"speed":1.0,"floorPosition":344.97678},{"type":1,"time":7899,"positionX":-3.566936,"holdTime":0.0,"speed":1.0,"floorPosition":344.97678},{"type":1,"time":7912,"positionX":-3.562412,"holdTime":0.0,"speed":1.0,"floorPosition":345.16202},{"type":1,"time":7938,"positionX":1.716084,"holdTime":0.0,"speed":1.0,"floorPosition":345.53403},{"type":1,"time":7951,"positionX":1.711081,"holdTime":0.0,"speed":1.0,"floorPosition":345.72903},{"type":1,"time":7951,"positionX":-3.45912,"holdTime":0.0,"speed":1.0,"floorPosition":345.72903},{"type":1,"time":7977,"positionX":5.633423,"holdTime":0.0,"speed":1.0,"floorPosition":346.11902},{"type":4,"time":8003,"positionX":-4.878706,"holdTime":0.0,"speed":1.0,"floorPosition":346.50903},{"type":4,"time":8029,"positionX":-0.3504038,"holdTime":0.0,"speed":1.0,"floorPosition":346.89902},{"type":4,"time":8054,"positionX":3.980234,"holdTime":0.0,"speed":1.0,"floorPosition":347.27402},{"type":4,"time":8080,"positionX":-0.080863,"holdTime":0.0,"speed":1.0,"floorPosition":347.66403},{"type":1,"time":8105,"positionX":-4.788858,"holdTime":0.0,"speed":1.0,"floorPosition":348.03903},{"type":1,"time":8105,"positionX":5.938904,"holdTime":0.0,"speed":1.0,"floorPosition":348.03903},{"type":1,"time":8131,"positionX":-2.362983,"holdTime":0.0,"speed":1.0,"floorPosition":348.42902},{"type":1,"time":8144,"positionX":1.3,"holdTime":0.0,"speed":1.0,"floorPosition":348.62402},{"type":1,"time":8155,"positionX":-4.810659,"holdTime":0.0,"speed":1.0,"floorPosition":348.78903},{"type":1,"time":8182,"positionX":-2.384292,"holdTime":0.0,"speed":1.0,"floorPosition":349.19403},{"type":1,"time":8182,"positionX":5.615454,"holdTime":0.0,"speed":1.0,"floorPosition":349.19403},{"type":1,"time":8207,"positionX":-4.824799,"holdTime":0.0,"speed":1.0,"floorPosition":349.56903},{"type":1,"time":8207,"positionX":1.841869,"holdTime":0.0,"speed":1.0,"floorPosition":349.56903},{"type":1,"time":8219,"positionX":1.851334,"holdTime":0.0,"speed":1.0,"floorPosition":349.74902},{"type":1,"time":8233,"positionX":-2.370267,"holdTime":0.0,"speed":1.0,"floorPosition":349.959},{"type":1,"time":8245,"positionX":4.642355,"holdTime":0.0,"speed":1.0,"floorPosition":350.13904},{"type":1,"time":8258,"positionX":4.645103,"holdTime":0.0,"speed":1.0,"floorPosition":350.334},{"type":1,"time":8258,"positionX":-4.986523,"holdTime":0.0,"speed":1.0,"floorPosition":350.334},{"type":1,"time":8282,"positionX":1.023844,"holdTime":0.0,"speed":1.0,"floorPosition":350.69403},{"type":1,"time":8282,"positionX":-2.370267,"holdTime":0.0,"speed":1.0,"floorPosition":350.69403},{"type":1,"time":8307,"positionX":-4.950912,"holdTime":0.0,"speed":1.0,"floorPosition":351.06903},{"type":1,"time":8307,"positionX":5.274035,"holdTime":0.0,"speed":1.0,"floorPosition":351.06903},{"type":1,"time":8320,"positionX":5.245442,"holdTime":0.0,"speed":1.0,"floorPosition":351.26404},{"type":1,"time":8332,"positionX":-2.384292,"holdTime":0.0,"speed":1.0,"floorPosition":351.44403},{"type":1,"time":8344,"positionX":2.416891,"holdTime":0.0,"speed":1.0,"floorPosition":351.62402},{"type":1,"time":8357,"positionX":2.412343,"holdTime":0.0,"speed":1.0,"floorPosition":351.82278},{"type":1,"time":8357,"positionX":-5.007012,"holdTime":0.0,"speed":1.0,"floorPosition":351.82278},{"type":1,"time":8381,"positionX":5.7223,"holdTime":0.0,"speed":1.0,"floorPosition":352.20078},{"type":1,"time":8381,"positionX":-2.384292,"holdTime":0.0,"speed":1.0,"floorPosition":352.20078},{"type":4,"time":8406,"positionX":-0.1707096,"holdTime":0.0,"speed":1.0,"floorPosition":352.5945},{"type":4,"time":8431,"positionX":-4.195868,"holdTime":0.0,"speed":1.0,"floorPosition":352.98825},{"type":4,"time":8455,"positionX":5.399821,"holdTime":0.0,"speed":1.0,"floorPosition":353.36627},{"type":4,"time":8480,"positionX":-0.4222822,"holdTime":0.0,"speed":1.0,"floorPosition":353.76004},{"type":1,"time":8504,"positionX":-5.231417,"holdTime":0.0,"speed":1.0,"floorPosition":354.13803},{"type":1,"time":8504,"positionX":3.980234,"holdTime":0.0,"speed":1.0,"floorPosition":354.13803},{"type":1,"time":8528,"positionX":-2.255166,"holdTime":0.0,"speed":1.0,"floorPosition":354.51602},{"type":1,"time":8540,"positionX":6.549866,"holdTime":0.0,"speed":1.0,"floorPosition":354.70502},{"type":1,"time":8552,"positionX":-5.301542,"holdTime":0.0,"speed":1.0,"floorPosition":354.894},{"type":1,"time":8576,"positionX":2.77628,"holdTime":0.0,"speed":1.0,"floorPosition":355.272},{"type":1,"time":8576,"positionX":-2.258064,"holdTime":0.0,"speed":1.0,"floorPosition":355.272},{"type":1,"time":8600,"positionX":-5.301542,"holdTime":0.0,"speed":1.0,"floorPosition":355.65002},{"type":1,"time":8600,"positionX":5.399821,"holdTime":0.0,"speed":1.0,"floorPosition":355.65002},{"type":1,"time":8612,"positionX":5.413746,"holdTime":0.0,"speed":1.0,"floorPosition":355.83902},{"type":1,"time":8624,"positionX":-2.286116,"holdTime":0.0,"speed":1.0,"floorPosition":356.028},{"type":1,"time":8636,"positionX":1.795233,"holdTime":0.0,"speed":1.0,"floorPosition":356.217},{"type":1,"time":8648,"positionX":1.795233,"holdTime":0.0,"speed":1.0,"floorPosition":356.40604},{"type":1,"time":8648,"positionX":-5.343618,"holdTime":0.0,"speed":1.0,"floorPosition":356.40604},{"type":1,"time":8672,"positionX":4.446002,"holdTime":0.0,"speed":1.0,"floorPosition":356.78403},{"type":1,"time":8672,"positionX":-2.328191,"holdTime":0.0,"speed":1.0,"floorPosition":356.78403},{"type":1,"time":8696,"positionX":7.082749,"holdTime":0.0,"speed":1.0,"floorPosition":357.16202},{"type":1,"time":8696,"positionX":-5.343618,"holdTime":0.0,"speed":1.0,"floorPosition":357.16202},{"type":1,"time":8707,"positionX":7.05301,"holdTime":0.0,"speed":1.0,"floorPosition":357.33527},{"type":1,"time":8720,"positionX":-2.370267,"holdTime":0.0,"speed":1.0,"floorPosition":357.54004},{"type":1,"time":8731,"positionX":2.342216,"holdTime":0.0,"speed":1.0,"floorPosition":357.71326},{"type":1,"time":8743,"positionX":2.327044,"holdTime":0.0,"speed":1.0,"floorPosition":357.90228},{"type":1,"time":8743,"positionX":-5.385695,"holdTime":0.0,"speed":1.0,"floorPosition":357.90228},{"type":1,"time":8766,"positionX":-2.398317,"holdTime":0.0,"speed":1.0,"floorPosition":358.26453},{"type":1,"time":8766,"positionX":4.992987,"holdTime":0.0,"speed":1.0,"floorPosition":358.26453},{"type":4,"time":8790,"positionX":-0.4941597,"holdTime":0.0,"speed":1.0,"floorPosition":358.64252},{"type":4,"time":8813,"positionX":4.141959,"holdTime":0.0,"speed":1.0,"floorPosition":359.0048},{"type":4,"time":8837,"positionX":-4.501348,"holdTime":0.0,"speed":1.0,"floorPosition":359.38278},{"type":4,"time":8860,"positionX":1.895779,"holdTime":0.0,"speed":1.0,"floorPosition":359.74503},{"type":1,"time":8883,"positionX":-3.660589,"holdTime":0.0,"speed":1.0,"floorPosition":360.12152},{"type":1,"time":8883,"positionX":5.651393,"holdTime":0.0,"speed":1.0,"floorPosition":360.12152},{"type":1,"time":8906,"positionX":-5.274035,"holdTime":0.0,"speed":1.0,"floorPosition":360.501},{"type":1,"time":8918,"positionX":3.638813,"holdTime":0.0,"speed":1.0,"floorPosition":360.69904},{"type":1,"time":8929,"positionX":-3.692722,"holdTime":0.0,"speed":1.0,"floorPosition":360.88052},{"type":1,"time":8952,"positionX":-5.273493,"holdTime":0.0,"speed":1.0,"floorPosition":361.26004},{"type":1,"time":8952,"positionX":6.819407,"holdTime":0.0,"speed":1.0,"floorPosition":361.26004},{"type":1,"time":8975,"positionX":-3.68864,"holdTime":0.0,"speed":1.0,"floorPosition":361.63953},{"type":1,"time":8975,"positionX":3.890386,"holdTime":0.0,"speed":1.0,"floorPosition":361.63953},{"type":1,"time":8987,"positionX":3.884993,"holdTime":0.0,"speed":1.0,"floorPosition":361.83752},{"type":1,"time":8998,"positionX":-5.245441,"holdTime":0.0,"speed":1.0,"floorPosition":362.019},{"type":1,"time":9009,"positionX":6.072931,"holdTime":0.0,"speed":1.0,"floorPosition":362.20053},{"type":1,"time":9021,"positionX":6.028751,"holdTime":0.0,"speed":1.0,"floorPosition":362.3985},{"type":1,"time":9021,"positionX":-3.702665,"holdTime":0.0,"speed":1.0,"floorPosition":362.3985},{"type":1,"time":9043,"positionX":-5.301542,"holdTime":0.0,"speed":1.0,"floorPosition":362.76154},{"type":1,"time":9043,"positionX":3.562412,"holdTime":0.0,"speed":1.0,"floorPosition":362.76154},{"type":1,"time":9066,"positionX":1.304349,"holdTime":0.0,"speed":1.0,"floorPosition":363.141},{"type":1,"time":9066,"positionX":-3.71669,"holdTime":0.0,"speed":1.0,"floorPosition":363.141},{"type":1,"time":9077,"positionX":1.248877,"holdTime":0.0,"speed":1.0,"floorPosition":363.32254},{"type":1,"time":9089,"positionX":-5.343618,"holdTime":0.0,"speed":1.0,"floorPosition":363.5205},{"type":1,"time":9100,"positionX":4.431977,"holdTime":0.0,"speed":1.0,"floorPosition":363.70203},{"type":1,"time":9112,"positionX":4.403927,"holdTime":0.0,"speed":1.0,"floorPosition":363.90002},{"type":1,"time":9112,"positionX":-3.674614,"holdTime":0.0,"speed":1.0,"floorPosition":363.90002},{"type":1,"time":9134,"positionX":3.211781,"holdTime":0.0,"speed":1.0,"floorPosition":364.26303},{"type":1,"time":9134,"positionX":-5.371669,"holdTime":0.0,"speed":1.0,"floorPosition":364.26303},{"type":1,"time":9156,"positionX":0.0,"holdTime":0.0,"speed":1.0,"floorPosition":364.62903},{"type":1,"time":9156,"positionX":-3.74474,"holdTime":0.0,"speed":1.0,"floorPosition":364.62903},{"type":1,"time":9179,"positionX":-0.01402473,"holdTime":0.0,"speed":1.0,"floorPosition":365.0258},{"type":1,"time":9179,"positionX":-3.74474,"holdTime":0.0,"speed":1.0,"floorPosition":365.0258},{"type":1,"time":9201,"positionX":-0.01402473,"holdTime":0.0,"speed":1.0,"floorPosition":365.40527},{"type":1,"time":9201,"positionX":3.941093,"holdTime":0.0,"speed":1.0,"floorPosition":365.40527},{"type":1,"time":9223,"positionX":-0.02805042,"holdTime":0.0,"speed":1.0,"floorPosition":365.7848},{"type":1,"time":9223,"positionX":3.913044,"holdTime":0.0,"speed":1.0,"floorPosition":365.7848},{"type":1,"time":9245,"positionX":6.01683,"holdTime":0.0,"speed":1.0,"floorPosition":366.16428},{"type":1,"time":9245,"positionX":-4.83871,"holdTime":0.0,"speed":1.0,"floorPosition":366.16428},{"type":1,"time":9267,"positionX":-3.674614,"holdTime":0.0,"speed":1.0,"floorPosition":366.5438},{"type":1,"time":9278,"positionX":1.107994,"holdTime":0.0,"speed":1.0,"floorPosition":366.73352},{"type":1,"time":9289,"positionX":-4.894811,"holdTime":0.0,"speed":1.0,"floorPosition":366.92328},{"type":1,"time":9312,"positionX":3.716689,"holdTime":0.0,"speed":1.0,"floorPosition":367.32004},{"type":1,"time":9312,"positionX":-3.646564,"holdTime":0.0,"speed":1.0,"floorPosition":367.32004},{"type":1,"time":9333,"positionX":-4.922861,"holdTime":0.0,"speed":1.0,"floorPosition":367.68228},{"type":1,"time":9333,"positionX":6.311359,"holdTime":0.0,"speed":1.0,"floorPosition":367.68228},{"type":1,"time":9344,"positionX":6.297336,"holdTime":0.0,"speed":1.0,"floorPosition":367.87204},{"type":1,"time":9355,"positionX":-3.674614,"holdTime":0.0,"speed":1.0,"floorPosition":368.06177},{"type":1,"time":9366,"positionX":2.454418,"holdTime":0.0,"speed":1.0,"floorPosition":368.25153},{"type":1,"time":9377,"positionX":2.454418,"holdTime":0.0,"speed":1.0,"floorPosition":368.44128},{"type":1,"time":9377,"positionX":-4.964937,"holdTime":0.0,"speed":1.0,"floorPosition":368.44128},{"type":1,"time":9399,"positionX":-3.646564,"holdTime":0.0,"speed":1.0,"floorPosition":368.8208},{"type":1,"time":9399,"positionX":5.385695,"holdTime":0.0,"speed":1.0,"floorPosition":368.8208},{"type":1,"time":9420,"positionX":1.192146,"holdTime":0.0,"speed":1.0,"floorPosition":369.183},{"type":1,"time":9420,"positionX":-4.978962,"holdTime":0.0,"speed":1.0,"floorPosition":369.183},{"type":1,"time":9431,"positionX":1.192146,"holdTime":0.0,"speed":1.0,"floorPosition":369.37277},{"type":1,"time":9442,"positionX":-3.674614,"holdTime":0.0,"speed":1.0,"floorPosition":369.56253},{"type":1,"time":9453,"positionX":4.824684,"holdTime":0.0,"speed":1.0,"floorPosition":369.7523},{"type":1,"time":9464,"positionX":4.824684,"holdTime":0.0,"speed":1.0,"floorPosition":369.94205},{"type":1,"time":9464,"positionX":-4.964937,"holdTime":0.0,"speed":1.0,"floorPosition":369.94205},{"type":1,"time":9485,"positionX":-3.513028,"holdTime":0.0,"speed":1.0,"floorPosition":370.31403},{"type":1,"time":9485,"positionX":2.145863,"holdTime":0.0,"speed":1.0,"floorPosition":370.31403},{"type":1,"time":9507,"positionX":-0.01402473,"holdTime":0.0,"speed":1.0,"floorPosition":370.71002},{"type":1,"time":9507,"positionX":4.417953,"holdTime":0.0,"speed":1.0,"floorPosition":370.71002},{"type":1,"time":9528,"positionX":-0.04492378,"holdTime":0.0,"speed":1.0,"floorPosition":371.088},{"type":1,"time":9528,"positionX":4.389902,"holdTime":0.0,"speed":1.0,"floorPosition":371.088},{"type":1,"time":9550,"positionX":0.01150703,"holdTime":0.0,"speed":1.0,"floorPosition":371.484},{"type":1,"time":9550,"positionX":-3.912543,"holdTime":0.0,"speed":1.0,"floorPosition":371.484},{"type":1,"time":9571,"positionX":-3.927069,"holdTime":0.0,"speed":1.0,"floorPosition":371.86203},{"type":1,"time":9571,"positionX":-0.05610085,"holdTime":0.0,"speed":1.0,"floorPosition":371.86203},{"type":1,"time":9592,"positionX":4.411501,"holdTime":0.0,"speed":1.0,"floorPosition":372.24002},{"type":1,"time":9602,"positionX":-1.921459,"holdTime":0.0,"speed":1.0,"floorPosition":372.42004},{"type":1,"time":9613,"positionX":4.375876,"holdTime":0.0,"speed":1.0,"floorPosition":372.618},{"type":1,"time":9624,"positionX":-1.949686,"holdTime":0.0,"speed":1.0,"floorPosition":372.81604},{"type":1,"time":9634,"positionX":4.347826,"holdTime":0.0,"speed":1.0,"floorPosition":372.99603},{"type":1,"time":9655,"positionX":-4.716981,"holdTime":0.0,"speed":1.0,"floorPosition":373.37402},{"type":1,"time":9665,"positionX":1.52875,"holdTime":0.0,"speed":1.0,"floorPosition":373.55402},{"type":1,"time":9676,"positionX":-4.712482,"holdTime":0.0,"speed":1.0,"floorPosition":373.75204},{"type":1,"time":9686,"positionX":1.514727,"holdTime":0.0,"speed":1.0,"floorPosition":373.93204},{"type":1,"time":9697,"positionX":-4.726507,"holdTime":0.0,"speed":1.0,"floorPosition":374.1308},{"type":1,"time":9718,"positionX":4.447439,"holdTime":0.0,"speed":1.0,"floorPosition":374.52454},{"type":1,"time":9728,"positionX":-2.145863,"holdTime":0.0,"speed":1.0,"floorPosition":374.71204},{"type":1,"time":9739,"positionX":4.403927,"holdTime":0.0,"speed":1.0,"floorPosition":374.9183},{"type":1,"time":9749,"positionX":-2.145863,"holdTime":0.0,"speed":1.0,"floorPosition":375.1058},{"type":1,"time":9760,"positionX":4.361851,"holdTime":0.0,"speed":1.0,"floorPosition":375.31204},{"type":1,"time":9779,"positionX":-5.035063,"holdTime":0.0,"speed":1.0,"floorPosition":375.6683},{"type":1,"time":9790,"positionX":1.248247,"holdTime":0.0,"speed":1.0,"floorPosition":375.87454},{"type":1,"time":9801,"positionX":-5.040431,"holdTime":0.0,"speed":1.0,"floorPosition":376.08078},{"type":1,"time":9812,"positionX":1.220197,"holdTime":0.0,"speed":1.0,"floorPosition":376.28705},{"type":1,"time":9821,"positionX":-5.035063,"holdTime":0.0,"speed":1.0,"floorPosition":376.45578},{"type":1,"time":9842,"positionX":4.319775,"holdTime":0.0,"speed":1.0,"floorPosition":376.84955},{"type":1,"time":9852,"positionX":-1.654979,"holdTime":0.0,"speed":1.0,"floorPosition":377.03705},{"type":1,"time":9863,"positionX":4.305751,"holdTime":0.0,"speed":1.0,"floorPosition":377.2433},{"type":1,"time":9873,"positionX":-1.669004,"holdTime":0.0,"speed":1.0,"floorPosition":377.4308},{"type":1,"time":9883,"positionX":4.2777,"holdTime":0.0,"speed":1.0,"floorPosition":377.6183},{"type":1,"time":9904,"positionX":-4.824684,"holdTime":0.0,"speed":1.0,"floorPosition":378.01205},{"type":1,"time":9914,"positionX":1.136045,"holdTime":0.0,"speed":1.0,"floorPosition":378.19955},{"type":1,"time":9924,"positionX":-4.824799,"holdTime":0.0,"speed":1.0,"floorPosition":378.38705},{"type":1,"time":9934,"positionX":1.150069,"holdTime":0.0,"speed":1.0,"floorPosition":378.57455},{"type":1,"time":9944,"positionX":-4.810659,"holdTime":0.0,"speed":1.0,"floorPosition":378.76205},{"type":1,"time":9964,"positionX":-2.884097,"holdTime":0.0,"speed":1.0,"floorPosition":379.13705},{"type":1,"time":9974,"positionX":3.566936,"holdTime":0.0,"speed":1.0,"floorPosition":379.32455},{"type":1,"time":9984,"positionX":-2.848158,"holdTime":0.0,"speed":1.0,"floorPosition":379.51205},{"type":1,"time":9995,"positionX":3.566936,"holdTime":0.0,"speed":1.0,"floorPosition":379.7183},{"type":1,"time":10005,"positionX":-5.0,"holdTime":0.0,"speed":1.0,"floorPosition":379.9058},{"type":1,"time":10015,"positionX":5.669361,"holdTime":0.0,"speed":1.0,"floorPosition":380.0933},{"type":1,"time":10025,"positionX":-4.932614,"holdTime":0.0,"speed":1.0,"floorPosition":380.2808},{"type":1,"time":10035,"positionX":5.633423,"holdTime":0.0,"speed":1.0,"floorPosition":380.4683},{"type":4,"time":10045,"positionX":-2.524709,"holdTime":0.0,"speed":1.0,"floorPosition":380.6558},{"type":1,"time":10365,"positionX":4.0,"holdTime":0.0,"speed":1.0,"floorPosition":381.18753},{"type":2,"time":10375,"positionX":4.0,"holdTime":0.0,"speed":1.0,"floorPosition":381.36002},{"type":2,"time":10385,"positionX":4.0,"holdTime":0.0,"speed":1.0,"floorPosition":381.53253},{"type":2,"time":10395,"positionX":4.0,"holdTime":0.0,"speed":1.0,"floorPosition":381.70502},{"type":2,"time":10405,"positionX":4.0,"holdTime":0.0,"speed":1.0,"floorPosition":381.87753},{"type":2,"time":10415,"positionX":4.0,"holdTime":0.0,"speed":1.0,"floorPosition":382.05002},{"type":2,"time":10425,"positionX":4.0,"holdTime":0.0,"speed":1.0,"floorPosition":382.22253},{"type":2,"time":10435,"positionX":4.0,"holdTime":0.0,"speed":1.0,"floorPosition":382.39502},{"type":1,"time":10445,"positionX":-2.510519,"holdTime":0.0,"speed":1.0,"floorPosition":382.56754},{"type":1,"time":10455,"positionX":6.04672,"holdTime":0.0,"speed":1.0,"floorPosition":382.74002},{"type":1,"time":10465,"positionX":-3.646564,"holdTime":0.0,"speed":1.0,"floorPosition":382.91254},{"type":1,"time":10475,"positionX":4.908836,"holdTime":0.0,"speed":1.0,"floorPosition":383.08502},{"type":1,"time":10485,"positionX":-4.852735,"holdTime":0.0,"speed":1.0,"floorPosition":383.25754},{"type":1,"time":10495,"positionX":3.730716,"holdTime":0.0,"speed":1.0,"floorPosition":383.43002},{"type":1,"time":10505,"positionX":-6.002806,"holdTime":0.0,"speed":1.0,"floorPosition":383.60254},{"type":1,"time":10513,"positionX":2.580647,"holdTime":0.0,"speed":1.0,"floorPosition":383.7405},{"type":1,"time":10525,"positionX":-4.894811,"holdTime":0.0,"speed":1.0,"floorPosition":383.94754},{"type":1,"time":10535,"positionX":1.416551,"holdTime":0.0,"speed":1.0,"floorPosition":384.12003},{"type":1,"time":10545,"positionX":-3.786817,"holdTime":0.0,"speed":1.0,"floorPosition":384.29254},{"type":1,"time":10555,"positionX":2.56662,"holdTime":0.0,"speed":1.0,"floorPosition":384.46503},{"type":1,"time":10565,"positionX":-2.664797,"holdTime":0.0,"speed":1.0,"floorPosition":384.63754},{"type":1,"time":10574,"positionX":3.660589,"holdTime":0.0,"speed":1.0,"floorPosition":384.7928},{"type":1,"time":10585,"positionX":-3.74474,"holdTime":0.0,"speed":1.0,"floorPosition":384.98254},{"type":1,"time":10594,"positionX":4.628332,"holdTime":0.0,"speed":1.0,"floorPosition":385.1378},{"type":1,"time":10605,"positionX":-5.0,"holdTime":0.0,"speed":1.0,"floorPosition":385.3275},{"type":1,"time":10615,"positionX":4.656382,"holdTime":0.0,"speed":1.0,"floorPosition":385.50003},{"type":1,"time":10625,"positionX":-5.0,"holdTime":0.0,"speed":1.0,"floorPosition":385.67252},{"type":1,"time":10635,"positionX":4.628332,"holdTime":0.0,"speed":1.0,"floorPosition":385.84503},{"type":1,"time":10645,"positionX":-5.0,"holdTime":0.0,"speed":1.0,"floorPosition":386.01752},{"type":1,"time":10655,"positionX":4.600281,"holdTime":0.0,"speed":1.0,"floorPosition":386.19003},{"type":1,"time":10665,"positionX":-4.992988,"holdTime":0.0,"speed":1.0,"floorPosition":386.36252},{"type":1,"time":10676,"positionX":4.57223,"holdTime":0.0,"speed":1.0,"floorPosition":386.55228},{"type":1,"time":10685,"positionX":-5.007012,"holdTime":0.0,"speed":1.0,"floorPosition":386.70752},{"type":1,"time":10685,"positionX":4.558205,"holdTime":0.0,"speed":1.0,"floorPosition":386.70752},{"type":1,"time":10912,"positionX":0.1168013,"holdTime":0.0,"speed":1.0,"floorPosition":389.9033},{"type":1,"time":10944,"positionX":-1.753156,"holdTime":0.0,"speed":1.0,"floorPosition":390.33527},{"type":1,"time":10944,"positionX":-5.021038,"holdTime":0.0,"speed":1.0,"floorPosition":390.33527},{"type":1,"time":10960,"positionX":1.977559,"holdTime":0.0,"speed":1.0,"floorPosition":390.55127},{"type":1,"time":10976,"positionX":-5.049088,"holdTime":0.0,"speed":1.0,"floorPosition":390.76727},{"type":1,"time":10992,"positionX":1.935483,"holdTime":0.0,"speed":1.0,"floorPosition":390.98328},{"type":1,"time":10992,"positionX":5.596073,"holdTime":0.0,"speed":1.0,"floorPosition":390.98328},{"type":1,"time":11008,"positionX":-1.73913,"holdTime":0.0,"speed":1.0,"floorPosition":391.19928},{"type":1,"time":11024,"positionX":5.553998,"holdTime":0.0,"speed":1.0,"floorPosition":391.41528},{"type":3,"time":11040,"positionX":0.06289387,"holdTime":8.0,"speed":100.0,"floorPosition":391.6313},{"type":1,"time":11200,"positionX":5.497897,"holdTime":0.0,"speed":1.0,"floorPosition":398.48926},{"type":1,"time":11216,"positionX":0.7713881,"holdTime":0.0,"speed":1.0,"floorPosition":398.6933},{"type":1,"time":11232,"positionX":5.399821,"holdTime":0.0,"speed":1.0,"floorPosition":398.89728},{"type":1,"time":11248,"positionX":-4.249649,"holdTime":0.0,"speed":1.0,"floorPosition":399.1013},{"type":1,"time":11264,"positionX":-0.7293129,"holdTime":0.0,"speed":1.0,"floorPosition":399.30527},{"type":1,"time":11280,"positionX":-4.2216,"holdTime":0.0,"speed":1.0,"floorPosition":399.50928},{"type":3,"time":11296,"positionX":-0.008984566,"holdTime":8.0,"speed":100.0,"floorPosition":399.7133},{"type":1,"time":11360,"positionX":-2.201963,"holdTime":0.0,"speed":1.0,"floorPosition":406.3493},{"type":1,"time":11360,"positionX":2.27209,"holdTime":0.0,"speed":1.0,"floorPosition":406.3493},{"type":1,"time":11392,"positionX":-4.698458,"holdTime":0.0,"speed":1.0,"floorPosition":406.73328},{"type":1,"time":11408,"positionX":1.500701,"holdTime":0.0,"speed":1.0,"floorPosition":406.9253},{"type":1,"time":11424,"positionX":-4.716981,"holdTime":0.0,"speed":1.0,"floorPosition":407.1173},{"type":1,"time":11440,"positionX":4.053296,"holdTime":0.0,"speed":1.0,"floorPosition":407.3093},{"type":1,"time":11456,"positionX":-1.458625,"holdTime":0.0,"speed":1.0,"floorPosition":407.5013},{"type":1,"time":11472,"positionX":4.053296,"holdTime":0.0,"speed":1.0,"floorPosition":407.6933},{"type":1,"time":11488,"positionX":-2.748948,"holdTime":0.0,"speed":1.0,"floorPosition":407.8853},{"type":1,"time":11504,"positionX":-2.748948,"holdTime":0.0,"speed":1.0,"floorPosition":408.0773},{"type":1,"time":11520,"positionX":2.805049,"holdTime":0.0,"speed":1.0,"floorPosition":408.2693},{"type":1,"time":11536,"positionX":2.776999,"holdTime":0.0,"speed":1.0,"floorPosition":408.4613},{"type":3,"time":11552,"positionX":-0.008984566,"holdTime":8.0,"speed":100.0,"floorPosition":408.6533},{"type":1,"time":11712,"positionX":4.782609,"holdTime":0.0,"speed":1.0,"floorPosition":415.39728},{"type":1,"time":11712,"positionX":-4.712482,"holdTime":0.0,"speed":1.0,"floorPosition":415.39728},{"type":1,"time":11728,"positionX":-1.640954,"holdTime":0.0,"speed":1.0,"floorPosition":415.5893},{"type":1,"time":11744,"positionX":1.711081,"holdTime":0.0,"speed":1.0,"floorPosition":415.78128},{"type":1,"time":11760,"positionX":-4.782609,"holdTime":0.0,"speed":1.0,"floorPosition":415.9733},{"type":1,"time":11760,"positionX":4.698457,"holdTime":0.0,"speed":1.0,"floorPosition":415.9733},{"type":1,"time":11776,"positionX":1.68303,"holdTime":0.0,"speed":1.0,"floorPosition":416.1653},{"type":1,"time":11792,"positionX":-1.697055,"holdTime":0.0,"speed":1.0,"floorPosition":416.3573},{"type":3,"time":11808,"positionX":0.02695465,"holdTime":8.0,"speed":100.0,"floorPosition":416.5493},{"type":1,"time":11872,"positionX":1.78796,"holdTime":0.0,"speed":1.0,"floorPosition":423.2213},{"type":1,"time":11872,"positionX":6.172507,"holdTime":0.0,"speed":1.0,"floorPosition":423.2213},{"type":1,"time":11888,"positionX":0.4043121,"holdTime":0.0,"speed":1.0,"floorPosition":423.4133},{"type":1,"time":11904,"positionX":-0.8355789,"holdTime":0.0,"speed":1.0,"floorPosition":423.60532},{"type":1,"time":11920,"positionX":-2.219228,"holdTime":0.0,"speed":1.0,"floorPosition":423.79727},{"type":1,"time":11920,"positionX":-6.118599,"holdTime":0.0,"speed":1.0,"floorPosition":423.79727},{"type":1,"time":11936,"positionX":-0.7816715,"holdTime":0.0,"speed":1.0,"floorPosition":423.9893},{"type":1,"time":11952,"positionX":0.3683748,"holdTime":0.0,"speed":1.0,"floorPosition":424.1813},{"type":1,"time":11968,"positionX":4.936886,"holdTime":0.0,"speed":1.0,"floorPosition":424.3733},{"type":1,"time":11968,"positionX":-4.810659,"holdTime":0.0,"speed":1.0,"floorPosition":424.3733},{"type":4,"time":12224,"positionX":-3.408134,"holdTime":0.0,"speed":1.0,"floorPosition":425.33328},{"type":1,"time":12352,"positionX":2.794249,"holdTime":0.0,"speed":1.0,"floorPosition":425.8133},{"type":1,"time":12416,"positionX":-2.362983,"holdTime":0.0,"speed":1.0,"floorPosition":426.05328},{"type":1,"time":12480,"positionX":3.333334,"holdTime":0.0,"speed":1.0,"floorPosition":426.2933},{"type":1,"time":12608,"positionX":-2.291105,"holdTime":0.0,"speed":1.0,"floorPosition":651.7696},{"type":1,"time":12672,"positionX":3.7646,"holdTime":0.0,"speed":1.0,"floorPosition":877.0058},{"type":1,"time":12736,"positionX":-5.238095,"holdTime":0.0,"speed":1.0,"floorPosition":1102.2421},{"type":1,"time":12864,"positionX":2.219228,"holdTime":0.0,"speed":1.0,"floorPosition":1327.7183},{"type":1,"time":12928,"positionX":-4.285714,"holdTime":0.0,"speed":1.0,"floorPosition":1552.9546},{"type":1,"time":12992,"positionX":2.506738,"holdTime":0.0,"speed":1.0,"floorPosition":1778.1908},{"type":1,"time":13120,"positionX":-3.962265,"holdTime":0.0,"speed":1.0,"floorPosition":2003.6672},{"type":1,"time":13184,"positionX":3.207548,"holdTime":0.0,"speed":1.0,"floorPosition":2228.9033},{"type":1,"time":13248,"positionX":-1.482479,"holdTime":0.0,"speed":1.0,"floorPosition":2454.1396},{"type":1,"time":13312,"positionX":-4.878706,"holdTime":0.0,"speed":1.0,"floorPosition":2679.376},{"type":1,"time":13376,"positionX":2.45283,"holdTime":0.0,"speed":1.0,"floorPosition":2904.6123},{"type":1,"time":13440,"positionX":-2.45283,"holdTime":0.0,"speed":1.0,"floorPosition":3129.8484},{"type":1,"time":13504,"positionX":1.877808,"holdTime":0.0,"speed":1.0,"floorPosition":3355.0847},{"type":1,"time":13632,"positionX":-4.699012,"holdTime":0.0,"speed":1.0,"floorPosition":3580.561},{"type":1,"time":13696,"positionX":4.10602,"holdTime":0.0,"speed":1.0,"floorPosition":3805.797},{"type":1,"time":13760,"positionX":-2.722372,"holdTime":0.0,"speed":1.0,"floorPosition":4031.0334},{"type":1,"time":13824,"positionX":4.159928,"holdTime":0.0,"speed":1.0,"floorPosition":4256.2695},{"type":1,"time":13888,"positionX":-4.573226,"holdTime":0.0,"speed":1.0,"floorPosition":4481.506},{"type":1,"time":14016,"positionX":1.967655,"holdTime":0.0,"speed":1.0,"floorPosition":4706.9824},{"type":1,"time":14272,"positionX":-3.836478,"holdTime":0.0,"speed":1.0,"floorPosition":4932.9385},{"type":1,"time":14400,"positionX":3.602874,"holdTime":0.0,"speed":1.0,"floorPosition":5158.4146},{"type":1,"time":14464,"positionX":-4.591195,"holdTime":0.0,"speed":1.0,"floorPosition":5383.651},{"type":1,"time":14528,"positionX":-6.42408,"holdTime":0.0,"speed":1.0,"floorPosition":5609.5957},{"type":1,"time":14544,"positionX":-2.183289,"holdTime":0.0,"speed":1.0,"floorPosition":5609.836},{"type":1,"time":14560,"positionX":-6.406109,"holdTime":0.0,"speed":1.0,"floorPosition":5610.076},{"type":1,"time":14576,"positionX":-2.219228,"holdTime":0.0,"speed":1.0,"floorPosition":5610.316},{"type":1,"time":14592,"positionX":-6.262354,"holdTime":0.0,"speed":1.0,"floorPosition":5610.556},{"type":1,"time":14608,"positionX":-2.237196,"holdTime":0.0,"speed":1.0,"floorPosition":5610.796},{"type":1,"time":14624,"positionX":-6.280323,"holdTime":0.0,"speed":1.0,"floorPosition":5611.036},{"type":1,"time":14640,"positionX":-2.309074,"holdTime":0.0,"speed":1.0,"floorPosition":5611.276},{"type":1,"time":14656,"positionX":-6.280323,"holdTime":0.0,"speed":1.0,"floorPosition":5611.516},{"type":1,"time":14672,"positionX":-2.309074,"holdTime":0.0,"speed":1.0,"floorPosition":5611.756},{"type":1,"time":14688,"positionX":-6.244385,"holdTime":0.0,"speed":1.0,"floorPosition":5611.996},{"type":1,"time":14704,"positionX":-2.380953,"holdTime":0.0,"speed":1.0,"floorPosition":5612.236},{"type":1,"time":14720,"positionX":-6.244385,"holdTime":0.0,"speed":1.0,"floorPosition":5612.476},{"type":1,"time":14736,"positionX":-2.434861,"holdTime":0.0,"speed":1.0,"floorPosition":5612.716},{"type":1,"time":14752,"positionX":-6.208447,"holdTime":0.0,"speed":1.0,"floorPosition":5612.956},{"type":1,"time":14768,"positionX":-2.506739,"holdTime":0.0,"speed":1.0,"floorPosition":5613.196},{"type":2,"time":14784,"positionX":-6.244385,"holdTime":0.0,"speed":1.0,"floorPosition":5613.436},{"type":2,"time":14848,"positionX":-6.353436,"holdTime":0.0,"speed":1.0,"floorPosition":5613.676},{"type":1,"time":14912,"positionX":-2.692847,"holdTime":0.0,"speed":1.0,"floorPosition":5613.916},{"type":1,"time":14928,"positionX":-5.736325,"holdTime":0.0,"speed":1.0,"floorPosition":5614.156},{"type":1,"time":14944,"positionX":-2.734923,"holdTime":0.0,"speed":1.0,"floorPosition":5614.396},{"type":1,"time":14960,"positionX":-5.7223,"holdTime":0.0,"speed":1.0,"floorPosition":5614.6357},{"type":1,"time":14976,"positionX":-2.762974,"holdTime":0.0,"speed":1.0,"floorPosition":5614.876},{"type":1,"time":14992,"positionX":-5.736325,"holdTime":0.0,"speed":1.0,"floorPosition":5615.1157},{"type":1,"time":15008,"positionX":-2.819075,"holdTime":0.0,"speed":1.0,"floorPosition":5615.356},{"type":1,"time":15024,"positionX":-5.750351,"holdTime":0.0,"speed":1.0,"floorPosition":5615.5957},{"type":1,"time":15040,"positionX":-2.884097,"holdTime":0.0,"speed":1.0,"floorPosition":5615.836},{"type":1,"time":15056,"positionX":-5.792427,"holdTime":0.0,"speed":1.0,"floorPosition":5616.076},{"type":1,"time":15072,"positionX":-2.848158,"holdTime":0.0,"speed":1.0,"floorPosition":5616.316},{"type":1,"time":15088,"positionX":-5.820477,"holdTime":0.0,"speed":1.0,"floorPosition":5616.556},{"type":1,"time":15104,"positionX":-2.81222,"holdTime":0.0,"speed":1.0,"floorPosition":5616.796},{"type":1,"time":15120,"positionX":-5.867025,"holdTime":0.0,"speed":1.0,"floorPosition":5617.036},{"type":1,"time":15136,"positionX":-2.830189,"holdTime":0.0,"speed":1.0,"floorPosition":5617.276},{"type":1,"time":15152,"positionX":-5.884995,"holdTime":0.0,"speed":1.0,"floorPosition":5617.516},{"type":1,"time":15168,"positionX":-2.848158,"holdTime":0.0,"speed":1.0,"floorPosition":5617.756},{"type":1,"time":15184,"positionX":-5.920935,"holdTime":0.0,"speed":1.0,"floorPosition":5617.996},{"type":1,"time":15200,"positionX":-2.776999,"holdTime":0.0,"speed":1.0,"floorPosition":5618.236},{"type":1,"time":15216,"positionX":-5.96073,"holdTime":0.0,"speed":1.0,"floorPosition":5618.476},{"type":1,"time":15232,"positionX":-2.833099,"holdTime":0.0,"speed":1.0,"floorPosition":5618.716},{"type":1,"time":15248,"positionX":-6.01683,"holdTime":0.0,"speed":1.0,"floorPosition":5618.956},{"type":1,"time":15264,"positionX":-2.805049,"holdTime":0.0,"speed":1.0,"floorPosition":5619.196},{"type":1,"time":15280,"positionX":-6.002806,"holdTime":0.0,"speed":1.0,"floorPosition":5619.436},{"type":1,"time":15296,"positionX":-2.920036,"holdTime":0.0,"speed":1.0,"floorPosition":5619.676},{"type":1,"time":15312,"positionX":-6.100983,"holdTime":0.0,"speed":1.0,"floorPosition":5619.916},{"type":1,"time":15328,"positionX":-2.8892,"holdTime":0.0,"speed":1.0,"floorPosition":5620.156},{"type":1,"time":15344,"positionX":-6.129032,"holdTime":0.0,"speed":1.0,"floorPosition":5620.396},{"type":1,"time":15360,"positionX":-2.931276,"holdTime":0.0,"speed":1.0,"floorPosition":5620.6357},{"type":1,"time":15376,"positionX":-6.115007,"holdTime":0.0,"speed":1.0,"floorPosition":5620.876},{"type":1,"time":15392,"positionX":-2.973352,"holdTime":0.0,"speed":1.0,"floorPosition":5621.1157},{"type":1,"time":15408,"positionX":-6.157084,"holdTime":0.0,"speed":1.0,"floorPosition":5621.356},{"type":2,"time":15424,"positionX":-3.015428,"holdTime":0.0,"speed":1.0,"floorPosition":5621.5957},{"type":2,"time":15488,"positionX":-3.043478,"holdTime":0.0,"speed":1.0,"floorPosition":5621.836},{"type":1,"time":15552,"positionX":-6.325386,"holdTime":0.0,"speed":1.0,"floorPosition":5622.076},{"type":1,"time":15568,"positionX":-3.366059,"holdTime":0.0,"speed":1.0,"floorPosition":5622.316},{"type":1,"time":15584,"positionX":-6.325386,"holdTime":0.0,"speed":1.0,"floorPosition":5622.556},{"type":1,"time":15600,"positionX":-3.408134,"holdTime":0.0,"speed":1.0,"floorPosition":5622.796},{"type":1,"time":15616,"positionX":-6.325386,"holdTime":0.0,"speed":1.0,"floorPosition":5623.036},{"type":1,"time":15632,"positionX":-3.436185,"holdTime":0.0,"speed":1.0,"floorPosition":5623.276},{"type":1,"time":15648,"positionX":-6.353436,"holdTime":0.0,"speed":1.0,"floorPosition":5623.516},{"type":1,"time":15664,"positionX":-3.478261,"holdTime":0.0,"speed":1.0,"floorPosition":5623.756},{"type":1,"time":15680,"positionX":-6.367462,"holdTime":0.0,"speed":1.0,"floorPosition":5623.996},{"type":1,"time":15696,"positionX":-3.520336,"holdTime":0.0,"speed":1.0,"floorPosition":5624.236},{"type":1,"time":15712,"positionX":-6.381487,"holdTime":0.0,"speed":1.0,"floorPosition":5624.476},{"type":1,"time":15728,"positionX":-3.562412,"holdTime":0.0,"speed":1.0,"floorPosition":5624.716},{"type":1,"time":15744,"positionX":-6.409538,"holdTime":0.0,"speed":1.0,"floorPosition":5624.956},{"type":1,"time":15760,"positionX":-3.576437,"holdTime":0.0,"speed":1.0,"floorPosition":5625.196},{"type":1,"time":15776,"positionX":-6.437588,"holdTime":0.0,"speed":1.0,"floorPosition":5625.436},{"type":1,"time":15792,"positionX":-3.576437,"holdTime":0.0,"speed":1.0,"floorPosition":5625.676},{"type":2,"time":15808,"positionX":-6.493689,"holdTime":0.0,"speed":1.0,"floorPosition":5625.916},{"type":2,"time":15872,"positionX":-6.60589,"holdTime":0.0,"speed":1.0,"floorPosition":5626.156},{"type":1,"time":15936,"positionX":-3.253857,"holdTime":0.0,"speed":1.0,"floorPosition":5626.396},{"type":1,"time":15952,"positionX":-6.072931,"holdTime":0.0,"speed":1.0,"floorPosition":5626.6357},{"type":1,"time":15968,"positionX":-3.253857,"holdTime":0.0,"speed":1.0,"floorPosition":5626.876},{"type":1,"time":15984,"positionX":-6.058907,"holdTime":0.0,"speed":1.0,"floorPosition":5627.1157},{"type":1,"time":16000,"positionX":-3.253857,"holdTime":0.0,"speed":1.0,"floorPosition":5627.356},{"type":1,"time":16016,"positionX":-6.058907,"holdTime":0.0,"speed":1.0,"floorPosition":5627.5957},{"type":1,"time":16032,"positionX":-3.253857,"holdTime":0.0,"speed":1.0,"floorPosition":5627.836},{"type":1,"time":16048,"positionX":-6.058907,"holdTime":0.0,"speed":1.0,"floorPosition":5628.076},{"type":1,"time":16064,"positionX":-3.267881,"holdTime":0.0,"speed":1.0,"floorPosition":5628.316},{"type":1,"time":16080,"positionX":-6.115007,"holdTime":0.0,"speed":1.0,"floorPosition":5628.556},{"type":1,"time":16096,"positionX":-3.267881,"holdTime":0.0,"speed":1.0,"floorPosition":5628.796},{"type":1,"time":16112,"positionX":-6.171108,"holdTime":0.0,"speed":1.0,"floorPosition":5629.036},{"type":1,"time":16128,"positionX":-3.239832,"holdTime":0.0,"speed":1.0,"floorPosition":5629.276},{"type":1,"time":16144,"positionX":-6.171108,"holdTime":0.0,"speed":1.0,"floorPosition":5629.516},{"type":1,"time":16160,"positionX":-3.267881,"holdTime":0.0,"speed":1.0,"floorPosition":5629.756},{"type":1,"time":16176,"positionX":-6.199158,"holdTime":0.0,"speed":1.0,"floorPosition":5629.996},{"type":1,"time":16192,"positionX":-3.281908,"holdTime":0.0,"speed":1.0,"floorPosition":5630.236},{"type":1,"time":16208,"positionX":-6.25526,"holdTime":0.0,"speed":1.0,"floorPosition":5630.476},{"type":1,"time":16224,"positionX":-3.295933,"holdTime":0.0,"speed":1.0,"floorPosition":5630.716},{"type":1,"time":16240,"positionX":-6.269283,"holdTime":0.0,"speed":1.0,"floorPosition":5630.956},{"type":1,"time":16256,"positionX":-3.352034,"holdTime":0.0,"speed":1.0,"floorPosition":5631.196},{"type":1,"time":16272,"positionX":-6.297337,"holdTime":0.0,"speed":1.0,"floorPosition":5631.436},{"type":1,"time":16288,"positionX":-3.338009,"holdTime":0.0,"speed":1.0,"floorPosition":5631.676},{"type":1,"time":16304,"positionX":-6.325386,"holdTime":0.0,"speed":1.0,"floorPosition":5631.916},{"type":1,"time":16320,"positionX":-3.352034,"holdTime":0.0,"speed":1.0,"floorPosition":5632.156},{"type":1,"time":16336,"positionX":-6.325386,"holdTime":0.0,"speed":1.0,"floorPosition":5632.396},{"type":1,"time":16352,"positionX":-3.366059,"holdTime":0.0,"speed":1.0,"floorPosition":5632.6357},{"type":1,"time":16368,"positionX":-6.367462,"holdTime":0.0,"speed":1.0,"floorPosition":5632.876},{"type":1,"time":16384,"positionX":-3.380084,"holdTime":0.0,"speed":1.0,"floorPosition":5633.1157},{"type":1,"time":16400,"positionX":-6.367462,"holdTime":0.0,"speed":1.0,"floorPosition":5633.356},{"type":1,"time":16416,"positionX":-3.408134,"holdTime":0.0,"speed":1.0,"floorPosition":5633.5957},{"type":1,"time":16432,"positionX":-6.437588,"holdTime":0.0,"speed":1.0,"floorPosition":5633.836},{"type":2,"time":16448,"positionX":-3.42216,"holdTime":0.0,"speed":1.0,"floorPosition":5634.076},{"type":2,"time":16512,"positionX":-3.42216,"holdTime":0.0,"speed":1.0,"floorPosition":5634.316},{"type":1,"time":17600,"positionX":-6.370171,"holdTime":0.0,"speed":1.0,"floorPosition":5637.5166}],"notesBelow":[],"speedEvents":[{"startTime":0.0,"endTime":896.0,"value":0.4},{"startTime":896.0,"endTime":1008.0,"value":1.0},{"startTime":1008.0,"endTime":1016.0,"value":100.0},{"startTime":1016.0,"endTime":1056.0,"value":0.0},{"startTime":1056.0,"endTime":1184.0,"value":0.6},{"startTime":1184.0,"endTime":1216.0,"value":1.3},{"startTime":1216.0,"endTime":1248.0,"value":1.5},{"startTime":1248.0,"endTime":1536.0,"value":1.8},{"startTime":1536.0,"endTime":2432.0,"value":2.0},{"startTime":2432.0,"endTime":2440.0,"value":100.0},{"startTime":2440.0,"endTime":2448.0,"value":100.0},{"startTime":2448.0,"endTime":2512.0,"value":0.0},{"startTime":2512.0,"endTime":5728.0,"value":2.0},{"startTime":5728.0,"endTime":5760.0,"value":1000.0},{"startTime":5760.0,"endTime":6016.0,"value":-1.5},{"startTime":6016.0,"endTime":6144.0,"value":-3.0},{"startTime":6144.0,"endTime":6528.0,"value":1.5},{"startTime":6528.0,"endTime":6848.0,"value":1.6},{"startTime":6848.0,"endTime":7136.0,"value":1.7},{"startTime":7136.0,"endTime":7552.0,"value":1.8},{"startTime":7552.0,"endTime":7936.0,"value":1.9},{"startTime":7936.0,"endTime":8352.0,"value":2.0},{"startTime":8352.0,"endTime":8864.0,"value":2.1},{"startTime":8864.0,"endTime":9152.0,"value":2.2},{"startTime":9152.0,"endTime":9472.0,"value":2.3},{"startTime":9472.0,"endTime":9696.0,"value":2.4},{"startTime":9696.0,"endTime":10048.0,"value":2.5},{"startTime":10048.0,"endTime":10365.0,"value":0.2},{"startTime":10365.0,"endTime":10720.0,"value":2.3},{"startTime":10720.0,"endTime":11040.0,"value":1.8},{"startTime":11040.0,"endTime":11048.0,"value":100.0},{"startTime":11048.0,"endTime":11168.0,"value":0.5},{"startTime":11168.0,"endTime":11296.0,"value":1.7},{"startTime":11296.0,"endTime":11304.0,"value":100.0},{"startTime":11304.0,"endTime":11328.0,"value":1.4},{"startTime":11328.0,"endTime":11552.0,"value":1.6},{"startTime":11552.0,"endTime":11560.0,"value":100.0},{"startTime":11560.0,"endTime":11680.0,"value":0.4},{"startTime":11680.0,"endTime":11808.0,"value":1.6},{"startTime":11808.0,"endTime":11816.0,"value":100.0},{"startTime":11816.0,"endTime":11968.0,"value":1.6},{"startTime":11968.0,"endTime":12480.0,"value":0.5},{"startTime":12480.0,"endTime":12481.0,"value":30000.0},{"startTime":12481.0,"endTime":12608.0,"value":0.5},{"startTime":12608.0,"endTime":12609.0,"value":30000.0},{"startTime":12609.0,"endTime":12672.0,"value":0.5},{"startTime":12672.0,"endTime":12673.0,"value":30000.0},{"startTime":12673.0,"endTime":12736.0,"value":0.5},{"startTime":12736.0,"endTime":12737.0,"value":30000.0},{"startTime":12737.0,"endTime":12864.0,"value":0.5},{"startTime":12864.0,"endTime":12865.0,"value":30000.0},{"startTime":12865.0,"endTime":12928.0,"value":0.5},{"startTime":12928.0,"endTime":12929.0,"value":30000.0},{"startTime":12929.0,"endTime":12992.0,"value":0.5},{"startTime":12992.0,"endTime":12993.0,"value":30000.0},{"startTime":12993.0,"endTime":13120.0,"value":0.5},{"startTime":13120.0,"endTime":13121.0,"value":30000.0},{"startTime":13121.0,"endTime":13184.0,"value":0.5},{"startTime":13184.0,"endTime":13185.0,"value":30000.0},{"startTime":13185.0,"endTime":13248.0,"value":0.5},{"startTime":13248.0,"endTime":13249.0,"value":30000.0},{"startTime":13249.0,"endTime":13312.0,"value":0.5},{"startTime":13312.0,"endTime":13313.0,"value":30000.0},{"startTime":13313.0,"endTime":13376.0,"value":0.5},{"startTime":13376.0,"endTime":13377.0,"value":30000.0},{"startTime":13377.0,"endTime":13440.0,"value":0.5},{"startTime":13440.0,"endTime":13441.0,"value":30000.0},{"startTime":13441.0,"endTime":13504.0,"value":0.5},{"startTime":13504.0,"endTime":13505.0,"value":30000.0},{"startTime":13505.0,"endTime":13632.0,"value":0.5},{"startTime":13632.0,"endTime":13633.0,"value":30000.0},{"startTime":13633.0,"endTime":13696.0,"value":0.5},{"startTime":13696.0,"endTime":13697.0,"value":30000.0},{"startTime":13697.0,"endTime":13760.0,"value":0.5},{"startTime":13760.0,"endTime":13761.0,"value":30000.0},{"startTime":13761.0,"endTime":13824.0,"value":0.5},{"startTime":13824.0,"endTime":13825.0,"value":30000.0},{"startTime":13825.0,"endTime":13888.0,"value":0.5},{"startTime":13888.0,"endTime":13889.0,"value":30000.0},{"startTime":13889.0,"endTime":14016.0,"value":0.5},{"startTime":14016.0,"endTime":14017.0,"value":30000.0},{"startTime":14017.0,"endTime":14272.0,"value":0.5},{"startTime":14272.0,"endTime":14273.0,"value":30000.0},{"startTime":14273.0,"endTime":14400.0,"value":0.5},{"startTime":14400.0,"endTime":14401.0,"value":30000.0},{"startTime":14401.0,"endTime":14464.0,"value":0.5},{"startTime":14464.0,"endTime":14465.0,"value":30000.0},{"startTime":14465.0,"endTime":14784.0,"value":2.0},{"startTime":14784.0,"endTime":14912.0,"value":0.5},{"startTime":14912.0,"endTime":15424.0,"value":2.0},{"startTime":15424.0,"endTime":15552.0,"value":0.5},{"startTime":15552.0,"endTime":15808.0,"value":2.0},{"startTime":15808.0,"endTime":15936.0,"value":0.5},{"startTime":15936.0,"endTime":16448.0,"value":2.0},{"startTime":16448.0,"endTime":16576.0,"value":0.5},{"startTime":16576.0,"endTime":16592.0,"value":0.15},{"startTime":16592.0,"endTime":16600.0,"value":-10.0},{"startTime":16600.0,"endTime":16608.0,"value":10.0},{"startTime":16608.0,"endTime":16632.0,"value":0.1},{"startTime":16632.0,"endTime":16632.0,"value":-10.0},{"startTime":16632.0,"endTime":16640.0,"value":0.1},{"startTime":16640.0,"endTime":16648.0,"value":10.0},{"startTime":16648.0,"endTime":16664.0,"value":0.1},{"startTime":16664.0,"endTime":16666.0,"value":30.0},{"startTime":16666.0,"endTime":16668.0,"value":-30.0},{"startTime":16668.0,"endTime":16686.0,"value":0.1},{"startTime":16686.0,"endTime":16688.0,"value":-30.0},{"startTime":16688.0,"endTime":16690.0,"value":30.0},{"startTime":16690.0,"endTime":16712.0,"value":0.1},{"startTime":16712.0,"endTime":16714.0,"value":-30.0},{"startTime":16714.0,"endTime":16716.0,"value":30.0},{"startTime":16716.0,"endTime":16744.0,"value":0.1},{"startTime":16744.0,"endTime":16746.0,"value":50.0},{"startTime":16746.0,"endTime":16748.0,"value":-50.0},{"startTime":16748.0,"endTime":16792.0,"value":0.1},{"startTime":16792.0,"endTime":16794.0,"value":50.0},{"startTime":16794.0,"endTime":16796.0,"value":-30.0},{"startTime":16796.0,"endTime":16816.0,"value":0.1},{"startTime":16816.0,"endTime":16824.0,"value":10.0},{"startTime":16824.0,"endTime":16832.0,"value":-10.0},{"startTime":16832.0,"endTime":16856.0,"value":0.1},{"startTime":16856.0,"endTime":16860.0,"value":50.0},{"startTime":16860.0,"endTime":16864.0,"value":-50.0},{"startTime":16864.0,"endTime":16868.0,"value":0.1},{"startTime":16868.0,"endTime":16872.0,"value":30.0},{"startTime":16872.0,"endTime":16936.0,"value":0.1},{"startTime":16936.0,"endTime":16940.0,"value":-30.0},{"startTime":16940.0,"endTime":16944.0,"value":30.0},{"startTime":16944.0,"endTime":16968.0,"value":0.1},{"startTime":16968.0,"endTime":16972.0,"value":-30.0},{"startTime":16972.0,"endTime":16976.0,"value":30.0},{"startTime":16976.0,"endTime":17000.0,"value":0.1},{"startTime":17000.0,"endTime":17004.0,"value":30.0},{"startTime":17004.0,"endTime":17008.0,"value":-30.0},{"startTime":17008.0,"endTime":17048.0,"value":0.1},{"startTime":17048.0,"endTime":17052.0,"value":-30.0},{"startTime":17052.0,"endTime":17056.0,"value":30.0},{"startTime":17056.0,"endTime":17072.0,"value":0.1},{"startTime":17072.0,"endTime":17076.0,"value":-30.0},{"startTime":17076.0,"endTime":17080.0,"value":30.0},{"startTime":17080.0,"endTime":17120.0,"value":0.1},{"startTime":17120.0,"endTime":17124.0,"value":10.0},{"startTime":17124.0,"endTime":17128.0,"value":-10.0},{"startTime":17128.0,"endTime":17168.0,"value":0.1},{"startTime":17168.0,"endTime":17172.0,"value":-20.0},{"startTime":17172.0,"endTime":17176.0,"value":20.0},{"startTime":17176.0,"endTime":17200.0,"value":0.1},{"startTime":17200.0,"endTime":17204.0,"value":-25.0},{"startTime":17204.0,"endTime":17208.0,"value":25.0},{"startTime":17208.0,"endTime":17216.0,"value":0.1},{"startTime":17216.0,"endTime":17220.0,"value":30.0},{"startTime":17220.0,"endTime":17224.0,"value":-30.0},{"startTime":17224.0,"endTime":17296.0,"value":0.1},{"startTime":17296.0,"endTime":17300.0,"value":-50.0},{"startTime":17300.0,"endTime":17304.0,"value":50.0},{"startTime":17304.0,"endTime":17352.0,"value":0.1},{"startTime":17352.0,"endTime":17360.0,"value":-10.0},{"startTime":17360.0,"endTime":17368.0,"value":10.0},{"startTime":17368.0,"endTime":17416.0,"value":0.1},{"startTime":17416.0,"endTime":17424.0,"value":-10.0},{"startTime":17424.0,"endTime":17432.0,"value":10.0},{"startTime":17432.0,"endTime":17456.0,"value":0.1},{"startTime":17456.0,"endTime":17464.0,"value":6.0},{"startTime":17464.0,"endTime":17472.0,"value":-6.0},{"startTime":17472.0,"endTime":17488.0,"value":0.1},{"startTime":17488.0,"endTime":17496.0,"value":-10.0},{"startTime":17496.0,"endTime":17504.0,"value":10.0},{"startTime":17504.0,"endTime":17528.0,"value":0.1},{"startTime":17528.0,"endTime":17536.0,"value":-10.0},{"startTime":17536.0,"endTime":17544.0,"value":10.0},{"startTime":17544.0,"endTime":17599.0,"value":0.1},{"startTime":17599.0,"endTime":17600.0,"value":75.0},{"startTime":17600.0,"endTime":11520000.0,"value":1.0}],"judgeLineMoveEvents":[{"startTime":0.0,"endTime":128.0,"start":440260.0,"end":440260.0},{"startTime":128.0,"endTime":704.0,"start":260.0,"end":121.0},{"startTime":704.0,"endTime":896.0,"start":120.0,"end":704052.0},{"startTime":896.0,"endTime":1024.0,"start":704052.0,"end":440052.0},{"startTime":1024.0,"endTime":1920.0,"start":440052.0,"end":440052.0},{"startTime":1920.0,"endTime":1984.0,"start":440052.0,"end":440104.0},{"startTime":1984.0,"endTime":2048.0,"start":440104.0,"end":440052.0},{"startTime":2048.0,"endTime":2432.0,"start":440052.0,"end":440052.0},{"startTime":2432.0,"endTime":5536.0,"start":440104.0,"end":440104.0},{"startTime":5536.0,"endTime":5632.0,"start":440260.0,"end":440260.0},{"startTime":5632.0,"endTime":5636.0,"start":440416.0,"end":440416.0},{"startTime":5636.0,"endTime":5640.0,"start":440337.0,"end":440337.0},{"startTime":5640.0,"endTime":5644.0,"start":440431.0,"end":440431.0},{"startTime":5644.0,"endTime":5648.0,"start":440405.0,"end":440390.0},{"startTime":5648.0,"endTime":5652.0,"start":440478.0,"end":440462.0},{"startTime":5652.0,"endTime":5656.0,"start":440337.0,"end":440337.0},{"startTime":5656.0,"endTime":5660.0,"start":440400.0,"end":440400.0},{"startTime":5660.0,"endTime":5664.0,"start":440499.0,"end":440499.0},{"startTime":5664.0,"endTime":5760.0,"start":440260.0,"end":440260.0},{"startTime":5760.0,"endTime":6080.0,"start":440260.0,"end":440052.0},{"startTime":6080.0,"endTime":11040.0,"start":440052.0,"end":440052.0},{"startTime":11040.0,"endTime":11168.0,"start":440363.0,"end":440467.0},{"startTime":11168.0,"endTime":11552.0,"start":440467.0,"end":440467.0},{"startTime":11552.0,"endTime":11680.0,"start":440156.0,"end":440052.0},{"startTime":11680.0,"endTime":11968.0,"start":440052.0,"end":440052.0},{"startTime":11968.0,"endTime":12224.0,"start":440052.0,"end":440260.0},{"startTime":12224.0,"endTime":12232.0,"start":440260.0,"end":440052.0},{"startTime":12232.0,"endTime":14528.0,"start":440052.0,"end":440052.0},{"startTime":14528.0,"endTime":14544.0,"start":440052.0,"end":457052.0},{"startTime":14544.0,"endTime":14560.0,"start":457052.0,"end":440052.0},{"startTime":14560.0,"endTime":14576.0,"start":440052.0,"end":457052.0},{"startTime":14576.0,"endTime":14592.0,"start":457052.0,"end":440052.0},{"startTime":14592.0,"endTime":14608.0,"start":440052.0,"end":457052.0},{"startTime":14608.0,"endTime":14624.0,"start":457052.0,"end":440052.0},{"startTime":14624.0,"endTime":14640.0,"start":440052.0,"end":457052.0},{"startTime":14640.0,"endTime":14656.0,"start":457052.0,"end":440052.0},{"startTime":14656.0,"endTime":14672.0,"start":440052.0,"end":457052.0},{"startTime":14672.0,"endTime":14688.0,"start":457052.0,"end":440052.0},{"startTime":14688.0,"endTime":14704.0,"start":440052.0,"end":457052.0},{"startTime":14704.0,"endTime":14720.0,"start":457052.0,"end":440052.0},{"startTime":14720.0,"endTime":14736.0,"start":440052.0,"end":457052.0},{"startTime":14736.0,"endTime":14752.0,"start":457052.0,"end":440052.0},{"startTime":14752.0,"endTime":14768.0,"start":440052.0,"end":457052.0},{"startTime":14768.0,"endTime":14784.0,"start":457052.0,"end":440052.0},{"startTime":14784.0,"endTime":14912.0,"start":440052.0,"end":440052.0},{"startTime":14912.0,"endTime":14928.0,"start":440052.0,"end":457052.0},{"startTime":14928.0,"endTime":14944.0,"start":457052.0,"end":440052.0},{"startTime":14944.0,"endTime":14960.0,"start":440052.0,"end":457052.0},{"startTime":14960.0,"endTime":14976.0,"start":457052.0,"end":440052.0},{"startTime":14976.0,"endTime":14992.0,"start":440052.0,"end":457052.0},{"startTime":14992.0,"endTime":15008.0,"start":457052.0,"end":440052.0},{"startTime":15008.0,"endTime":15024.0,"start":440052.0,"end":457052.0},{"startTime":15024.0,"endTime":15040.0,"start":457052.0,"end":440052.0},{"startTime":15040.0,"endTime":15056.0,"start":440052.0,"end":457052.0},{"startTime":15056.0,"endTime":15072.0,"start":457052.0,"end":440052.0},{"startTime":15072.0,"endTime":15088.0,"start":440052.0,"end":457052.0},{"startTime":15088.0,"endTime":15104.0,"start":457052.0,"end":440052.0},{"startTime":15104.0,"endTime":15088.0,"start":457052.0,"end":440052.0},{"startTime":15088.0,"endTime":15104.0,"start":440260.0,"end":440260.0},{"startTime":15104.0,"endTime":15120.0,"start":440052.0,"end":457052.0},{"startTime":15120.0,"endTime":15136.0,"start":457052.0,"end":440052.0},{"startTime":15136.0,"endTime":15152.0,"start":440052.0,"end":457052.0},{"startTime":15152.0,"endTime":15168.0,"start":457052.0,"end":440052.0},{"startTime":15168.0,"endTime":15184.0,"start":440052.0,"end":457052.0},{"startTime":15184.0,"endTime":15200.0,"start":457052.0,"end":440052.0},{"startTime":15200.0,"endTime":15184.0,"start":457052.0,"end":440052.0},{"startTime":15184.0,"endTime":15200.0,"start":440260.0,"end":440260.0},{"startTime":15200.0,"endTime":15216.0,"start":440052.0,"end":457052.0},{"startTime":15216.0,"endTime":15232.0,"start":457052.0,"end":440052.0},{"startTime":15232.0,"endTime":15248.0,"start":440052.0,"end":457052.0},{"startTime":15248.0,"endTime":15264.0,"start":457052.0,"end":440052.0},{"startTime":15264.0,"endTime":15280.0,"start":440052.0,"end":457052.0},{"startTime":15280.0,"endTime":15296.0,"start":457052.0,"end":440052.0},{"startTime":15296.0,"endTime":15312.0,"start":440052.0,"end":457052.0},{"startTime":15312.0,"endTime":15328.0,"start":457052.0,"end":440052.0},{"startTime":15328.0,"endTime":15344.0,"start":440052.0,"end":457052.0},{"startTime":15344.0,"endTime":15360.0,"start":457052.0,"end":440052.0},{"startTime":15360.0,"endTime":15376.0,"start":440052.0,"end":457052.0},{"startTime":15376.0,"endTime":15392.0,"start":457052.0,"end":440052.0},{"startTime":15392.0,"endTime":15408.0,"start":440052.0,"end":457052.0},{"startTime":15408.0,"endTime":15424.0,"start":457052.0,"end":440052.0},{"startTime":15424.0,"endTime":15408.0,"start":440260.0,"end":440260.0},{"startTime":15408.0,"endTime":15424.0,"start":440260.0,"end":440260.0},{"startTime":15424.0,"endTime":15552.0,"start":440052.0,"end":440052.0},{"startTime":15552.0,"endTime":15568.0,"start":440052.0,"end":422052.0},{"startTime":15568.0,"endTime":15584.0,"start":422052.0,"end":440052.0},{"startTime":15584.0,"endTime":15600.0,"start":440052.0,"end":422052.0},{"startTime":15600.0,"endTime":15616.0,"start":422052.0,"end":440052.0},{"startTime":15616.0,"endTime":15632.0,"start":440052.0,"end":422052.0},{"startTime":15632.0,"endTime":15648.0,"start":422052.0,"end":440052.0},{"startTime":15648.0,"endTime":15664.0,"start":440052.0,"end":422052.0},{"startTime":15664.0,"endTime":15680.0,"start":422052.0,"end":440052.0},{"startTime":15680.0,"endTime":15664.0,"start":422052.0,"end":440052.0},{"startTime":15664.0,"endTime":15680.0,"start":440260.0,"end":440260.0},{"startTime":15680.0,"endTime":15696.0,"start":440052.0,"end":422052.0},{"startTime":15696.0,"endTime":15712.0,"start":422052.0,"end":440052.0},{"startTime":15712.0,"endTime":15728.0,"start":440052.0,"end":422052.0},{"startTime":15728.0,"endTime":15744.0,"start":422052.0,"end":440052.0},{"startTime":15744.0,"endTime":15760.0,"start":440052.0,"end":422052.0},{"startTime":15760.0,"endTime":15776.0,"start":422052.0,"end":440052.0},{"startTime":15776.0,"endTime":15792.0,"start":440052.0,"end":422052.0},{"startTime":15792.0,"endTime":15808.0,"start":422052.0,"end":440052.0},{"startTime":15808.0,"endTime":15936.0,"start":440052.0,"end":440052.0},{"startTime":15936.0,"endTime":15952.0,"start":440052.0,"end":413052.0},{"startTime":15952.0,"endTime":15968.0,"start":413052.0,"end":457052.0},{"startTime":15968.0,"endTime":15984.0,"start":457052.0,"end":413052.0},{"startTime":15984.0,"endTime":16000.0,"start":413052.0,"end":457052.0},{"startTime":16000.0,"endTime":16016.0,"start":457052.0,"end":413052.0},{"startTime":16016.0,"endTime":16032.0,"start":413052.0,"end":457052.0},{"startTime":16032.0,"endTime":16048.0,"start":457052.0,"end":422052.0},{"startTime":16048.0,"endTime":16064.0,"start":422052.0,"end":457052.0},{"startTime":16064.0,"endTime":16080.0,"start":457052.0,"end":422052.0},{"startTime":16080.0,"endTime":16096.0,"start":422052.0,"end":457052.0},{"startTime":16096.0,"endTime":16112.0,"start":457052.0,"end":422052.0},{"startTime":16112.0,"endTime":16128.0,"start":422052.0,"end":457052.0},{"startTime":16128.0,"endTime":16144.0,"start":457052.0,"end":422052.0},{"startTime":16144.0,"endTime":16160.0,"start":422052.0,"end":457052.0},{"startTime":16160.0,"endTime":16176.0,"start":457052.0,"end":422052.0},{"startTime":16176.0,"endTime":16192.0,"start":422052.0,"end":457052.0},{"startTime":16192.0,"endTime":16208.0,"start":457052.0,"end":422052.0},{"startTime":16208.0,"endTime":16224.0,"start":422052.0,"end":457052.0},{"startTime":16224.0,"endTime":16240.0,"start":457052.0,"end":422052.0},{"startTime":16240.0,"endTime":16256.0,"start":422052.0,"end":457052.0},{"startTime":16256.0,"endTime":16272.0,"start":457052.0,"end":422052.0},{"startTime":16272.0,"endTime":16288.0,"start":422052.0,"end":457052.0},{"startTime":16288.0,"endTime":16304.0,"start":457052.0,"end":422052.0},{"startTime":16304.0,"endTime":16320.0,"start":422052.0,"end":457052.0},{"startTime":16320.0,"endTime":16336.0,"start":457052.0,"end":422052.0},{"startTime":16336.0,"endTime":16352.0,"start":422052.0,"end":457052.0},{"startTime":16352.0,"endTime":16368.0,"start":457052.0,"end":422052.0},{"startTime":16368.0,"endTime":16384.0,"start":422052.0,"end":457052.0},{"startTime":16384.0,"endTime":16400.0,"start":457052.0,"end":422052.0},{"startTime":16400.0,"endTime":16416.0,"start":422052.0,"end":457052.0},{"startTime":16416.0,"endTime":16432.0,"start":457052.0,"end":422052.0},{"startTime":16432.0,"endTime":16448.0,"start":422052.0,"end":457052.0},{"startTime":16448.0,"endTime":16576.0,"start":457052.0,"end":457052.0},{"startTime":16576.0,"endTime":17728.0,"start":440052.0,"end":440052.0},{"startTime":17728.0,"endTime":17984.0,"start":440052.0,"end":440260.0},{"startTime":17984.0,"endTime":11520000.0,"start":440260.0,"end":440260.0}],"judgeLineRotateEvents":[{"startTime":0.0,"endTime":5728.0,"start":0.0,"end":0.0},{"startTime":5728.0,"endTime":5760.0,"start":0.0,"end":1440.0},{"startTime":5760.0,"endTime":11040.0,"start":0.0,"end":0.0},{"startTime":11040.0,"endTime":11552.0,"start":180.0,"end":180.0},{"startTime":11552.0,"endTime":11520000.0,"start":0.0,"end":0.0}],"judgeLineDisappearEvents":[{"startTime":0.0,"endTime":128.0,"start":0.0,"end":0.0},{"startTime":128.0,"endTime":192.0,"start":0.0,"end":1.0},{"startTime":192.0,"endTime":5536.0,"start":1.0,"end":1.0},{"startTime":5536.0,"endTime":5632.0,"start":0.0,"end":0.0},{"startTime":5632.0,"endTime":11520000.0,"start":1.0,"end":1.0}]},{"bpm":250.0,"notesAbove":[{"type":3,"time":14528,"positionX":2.506737,"holdTime":96.0,"speed":1.0,"floorPosition":114.9},{"type":3,"time":14656,"positionX":5.920933,"holdTime":32.0,"speed":1.0,"floorPosition":115.86},{"type":3,"time":14720,"positionX":2.345013,"holdTime":32.0,"speed":1.0,"floorPosition":116.34},{"type":3,"time":14784,"positionX":4.968552,"holdTime":96.0,"speed":1.0,"floorPosition":116.82},{"type":3,"time":14912,"positionX":1.823898,"holdTime":32.0,"speed":1.0,"floorPosition":117.78},{"type":3,"time":14976,"positionX":4.052113,"holdTime":32.0,"speed":1.0,"floorPosition":118.26},{"type":3,"time":15040,"positionX":5.184189,"holdTime":96.0,"speed":1.0,"floorPosition":118.74},{"type":3,"time":15168,"positionX":2.920036,"holdTime":32.0,"speed":1.0,"floorPosition":119.7},{"type":3,"time":15232,"positionX":5.327942,"holdTime":32.0,"speed":1.0,"floorPosition":120.18},{"type":3,"time":15296,"positionX":2.596584,"holdTime":32.0,"speed":1.0,"floorPosition":120.66},{"type":3,"time":15360,"positionX":1.194969,"holdTime":32.0,"speed":1.0,"floorPosition":121.14},{"type":3,"time":15424,"positionX":3.764599,"holdTime":32.0,"speed":1.0,"floorPosition":121.62},{"type":3,"time":15488,"positionX":5.238094,"holdTime":32.0,"speed":1.0,"floorPosition":122.1},{"type":3,"time":15552,"positionX":4.591194,"holdTime":96.0,"speed":1.0,"floorPosition":122.58},{"type":3,"time":15680,"positionX":2.596584,"holdTime":32.0,"speed":1.0,"floorPosition":123.54},{"type":3,"time":15744,"positionX":0.8176117,"holdTime":32.0,"speed":1.0,"floorPosition":124.02},{"type":3,"time":15808,"positionX":3.944294,"holdTime":32.0,"speed":1.0,"floorPosition":124.5},{"type":3,"time":15872,"positionX":5.166218,"holdTime":32.0,"speed":1.0,"floorPosition":124.98},{"type":3,"time":15936,"positionX":2.093441,"holdTime":96.0,"speed":1.0,"floorPosition":125.46},{"type":3,"time":16064,"positionX":4.42947,"holdTime":224.0,"speed":1.0,"floorPosition":126.42},{"type":3,"time":16320,"positionX":2.686432,"holdTime":96.0,"speed":1.0,"floorPosition":128.34},{"type":3,"time":16448,"positionX":5.36388,"holdTime":32.0,"speed":1.0,"floorPosition":129.3},{"type":3,"time":16512,"positionX":1.841869,"holdTime":32.0,"speed":1.0,"floorPosition":129.78},{"type":3,"time":16576,"positionX":3.405212,"holdTime":1024.0,"speed":0.3,"floorPosition":130.26},{"type":2,"time":17600,"positionX":3.42318,"holdTime":0.0,"speed":1.0,"floorPosition":132.564}],"notesBelow":[],"speedEvents":[{"startTime":0.0,"endTime":14464.0,"value":1.0},{"startTime":14464.0,"endTime":14472.0,"value":100.0},{"startTime":14472.0,"endTime":16576.0,"value":1.0},{"startTime":16576.0,"endTime":11520000.0,"value":0.3}],"judgeLineMoveEvents":[{"startTime":0.0,"endTime":128.0,"start":440260.0,"end":440260.0},{"startTime":128.0,"endTime":896.0,"start":88104.0,"end":176260.0},{"startTime":896.0,"endTime":912.0,"start":176260.0,"end":176520.0},{"startTime":912.0,"endTime":992.0,"start":440260.0,"end":440260.0},{"startTime":992.0,"endTime":996.0,"start":440312.0,"end":440312.0},{"startTime":996.0,"endTime":1000.0,"start":440208.0,"end":440208.0},{"startTime":1000.0,"endTime":1004.0,"start":440467.0,"end":440467.0},{"startTime":1004.0,"endTime":1008.0,"start":440104.0,"end":440104.0},{"startTime":1008.0,"endTime":2432.0,"start":440260.0,"end":440260.0},{"startTime":2432.0,"endTime":2448.0,"start":440520.0,"end":440000.0},{"startTime":2448.0,"endTime":5536.0,"start":440260.0,"end":440260.0},{"startTime":5536.0,"endTime":5552.0,"start":440000.0,"end":440520.0},{"startTime":5552.0,"endTime":5632.0,"start":440260.0,"end":440260.0},{"startTime":5632.0,"endTime":5636.0,"start":440104.0,"end":440104.0},{"startTime":5636.0,"endTime":5640.0,"start":440078.0,"end":440078.0},{"startTime":5640.0,"endTime":5644.0,"start":440166.0,"end":440166.0},{"startTime":5644.0,"endTime":5648.0,"start":440213.0,"end":440213.0},{"startTime":5648.0,"endTime":5652.0,"start":440135.0,"end":440135.0},{"startTime":5652.0,"endTime":5656.0,"start":440187.0,"end":440187.0},{"startTime":5656.0,"endTime":5660.0,"start":440031.0,"end":440031.0},{"startTime":5660.0,"endTime":5664.0,"start":440124.0,"end":440124.0},{"startTime":5664.0,"endTime":12224.0,"start":440260.0,"end":440260.0},{"startTime":12224.0,"endTime":12352.0,"start":440260.0,"end":440337.0},{"startTime":12352.0,"endTime":14368.0,"start":440260.0,"end":440260.0},{"startTime":14368.0,"endTime":17664.0,"start":440052.0,"end":440052.0},{"startTime":17664.0,"endTime":11520000.0,"start":440260.0,"end":440260.0}],"judgeLineRotateEvents":[{"startTime":0.0,"endTime":128.0,"start":0.0,"end":0.0},{"startTime":128.0,"endTime":896.0,"start":100.0,"end":80.0},{"startTime":896.0,"endTime":11520000.0,"start":0.0,"end":0.0}],"judgeLineDisappearEvents":[{"startTime":0.0,"endTime":128.0,"start":0.0,"end":0.0},{"startTime":128.0,"endTime":192.0,"start":0.0,"end":1.0},{"startTime":192.0,"endTime":896.0,"start":1.0,"end":1.0},{"startTime":896.0,"endTime":912.0,"start":1.0,"end":0.0},{"startTime":912.0,"endTime":896.0,"start":0.0,"end":0.0},{"startTime":896.0,"endTime":912.0,"start":1.0,"end":1.0},{"startTime":912.0,"endTime":992.0,"start":0.0,"end":0.0},{"startTime":992.0,"endTime":1008.0,"start":1.0,"end":1.0},{"startTime":1008.0,"endTime":2432.0,"start":0.0,"end":0.0},{"startTime":2432.0,"endTime":2448.0,"start":1.0,"end":1.0},{"startTime":2448.0,"endTime":5536.0,"start":0.0,"end":0.0},{"startTime":5536.0,"endTime":5552.0,"start":1.0,"end":1.0},{"startTime":5552.0,"endTime":5632.0,"start":0.0,"end":0.0},{"startTime":5632.0,"endTime":5664.0,"start":1.0,"end":1.0},{"startTime":5664.0,"endTime":12224.0,"start":0.0,"end":0.0},{"startTime":12224.0,"endTime":12352.0,"start":1.0,"end":0.0},{"startTime":12352.0,"endTime":32352.0,"start":0.0,"end":0.0},{"startTime":32352.0,"endTime":30001.0,"start":0.0,"end":0.0},{"startTime":30001.0,"endTime":11520000.0,"start":1.0,"end":1.0}]},{"bpm":250.0,"notesAbove":[],"notesBelow":[],"speedEvents":[{"startTime":0.0,"endTime":11520000.0,"value":1.0}],"judgeLineMoveEvents":[{"startTime":0.0,"endTime":128.0,"start":440260.0,"end":440260.0},{"startTime":128.0,"endTime":896.0,"start":176363.0,"end":352416.0},{"startTime":896.0,"endTime":928.0,"start":352052.0,"end":352520.0},{"startTime":928.0,"endTime":992.0,"start":440260.0,"end":440260.0},{"startTime":992.0,"endTime":996.0,"start":440208.0,"end":440208.0},{"startTime":996.0,"endTime":1000.0,"start":440416.0,"end":440416.0},{"startTime":1000.0,"endTime":1008.0,"start":440156.0,"end":440156.0},{"startTime":1008.0,"endTime":11520000.0,"start":440260.0,"end":440260.0}],"judgeLineRotateEvents":[{"startTime":0.0,"endTime":128.0,"start":0.0,"end":0.0},{"startTime":128.0,"endTime":896.0,"start":10.0,"end":-20.0},{"startTime":896.0,"endTime":11520000.0,"start":0.0,"end":0.0}],"judgeLineDisappearEvents":[{"startTime":0.0,"endTime":128.0,"start":0.0,"end":0.0},{"startTime":128.0,"endTime":192.0,"start":0.0,"end":1.0},{"startTime":192.0,"endTime":896.0,"start":1.0,"end":1.0},{"startTime":896.0,"endTime":928.0,"start":1.0,"end":0.0},{"startTime":928.0,"endTime":992.0,"start":0.0,"end":0.0},{"startTime":992.0,"endTime":1008.0,"start":1.0,"end":1.0},{"startTime":1008.0,"endTime":21008.0,"start":0.0,"end":0.0},{"startTime":21008.0,"endTime":11520000.0,"start":1.0,"end":1.0}]},{"bpm":250.0,"notesAbove":[],"notesBelow":[],"speedEvents":[{"startTime":0.0,"endTime":11520000.0,"value":1.0}],"judgeLineMoveEvents":[{"startTime":0.0,"endTime":128.0,"start":440260.0,"end":440260.0},{"startTime":128.0,"endTime":896.0,"start":704208.0,"end":614104.0},{"startTime":896.0,"endTime":11520000.0,"start":440260.0,"end":440260.0}],"judgeLineRotateEvents":[{"startTime":0.0,"endTime":128.0,"start":0.0,"end":0.0},{"startTime":128.0,"endTime":896.0,"start":260.0,"end":230.0},{"startTime":896.0,"endTime":11520000.0,"start":0.0,"end":0.0}],"judgeLineDisappearEvents":[{"startTime":0.0,"endTime":128.0,"start":0.0,"end":0.0},{"startTime":128.0,"endTime":192.0,"start":0.0,"end":1.0},{"startTime":192.0,"endTime":896.0,"start":1.0,"end":1.0},{"startTime":896.0,"endTime":20896.0,"start":0.0,"end":0.0},{"startTime":20896.0,"endTime":11520000.0,"start":1.0,"end":1.0}]},{"bpm":140.0,"notesAbove":[{"type":1,"time":2008,"positionX":3.764603,"holdTime":0.0,"speed":1.0,"floorPosition":29.357143},{"type":1,"time":2168,"positionX":5.932678,"holdTime":0.0,"speed":1.0,"floorPosition":30.214285},{"type":1,"time":2200,"positionX":4.221603,"holdTime":0.0,"speed":1.0,"floorPosition":30.385715},{"type":1,"time":2216,"positionX":4.231812,"holdTime":0.0,"speed":1.0,"floorPosition":30.471428},{"type":1,"time":2264,"positionX":3.05751,"holdTime":0.0,"speed":1.0,"floorPosition":30.72857},{"type":1,"time":2312,"positionX":0.9613647,"holdTime":0.0,"speed":1.0,"floorPosition":30.985716},{"type":1,"time":2328,"positionX":0.9677429,"holdTime":0.0,"speed":1.0,"floorPosition":31.071428},{"type":1,"time":2424,"positionX":-0.224411,"holdTime":0.0,"speed":1.0,"floorPosition":31.585712},{"type":1,"time":2456,"positionX":-3.459122,"holdTime":0.0,"speed":1.0,"floorPosition":31.757143},{"type":1,"time":2472,"positionX":-3.464233,"holdTime":0.0,"speed":1.0,"floorPosition":31.84286},{"type":1,"time":2520,"positionX":-5.343613,"holdTime":0.0,"speed":1.0,"floorPosition":32.100002},{"type":1,"time":2680,"positionX":-5.345917,"holdTime":0.0,"speed":1.0,"floorPosition":32.95714},{"type":1,"time":2712,"positionX":-3.98024,"holdTime":0.0,"speed":1.0,"floorPosition":33.128574},{"type":1,"time":2728,"positionX":-3.98317,"holdTime":0.0,"speed":1.0,"floorPosition":33.214287},{"type":1,"time":2776,"positionX":-5.48967,"holdTime":0.0,"speed":1.0,"floorPosition":33.471428},{"type":1,"time":2920,"positionX":-6.190475,"holdTime":0.0,"speed":1.0,"floorPosition":34.24286},{"type":1,"time":2936,"positionX":-3.908356,"holdTime":0.0,"speed":1.0,"floorPosition":34.32857},{"type":1,"time":2952,"positionX":-6.172501,"holdTime":0.0,"speed":1.0,"floorPosition":34.414288},{"type":3,"time":2968,"positionX":-3.656784,"holdTime":64.0,"speed":0.4,"floorPosition":34.5},{"type":2,"time":3096,"positionX":-3.602875,"holdTime":0.0,"speed":1.0,"floorPosition":35.164288}],"notesBelow":[],"speedEvents":[{"startTime":0.0,"endTime":1824.0,"value":1.0},{"startTime":1824.0,"endTime":2008.0,"value":2.0},{"startTime":2008.0,"endTime":3032.0,"value":0.4},{"startTime":3032.0,"endTime":3092.0,"value":0.0},{"startTime":3092.0,"endTime":6451200.0,"value":6.0}],"judgeLineMoveEvents":[{"startTime":0.0,"endTime":1824.0,"start":440260.0,"end":440260.0},{"startTime":1824.0,"endTime":3136.0,"start":440104.0,"end":440104.0},{"startTime":3136.0,"endTime":6451200.0,"start":440260.0,"end":440260.0}],"judgeLineRotateEvents":[{"startTime":0.0,"endTime":6451200.0,"start":0.0,"end":0.0}],"judgeLineDisappearEvents":[{"startTime":0.0,"endTime":6451200.0,"start":0.0,"end":0.0}]},{"bpm":140.0,"notesAbove":[{"type":1,"time":2520,"positionX":5.750351,"holdTime":0.0,"speed":1.0,"floorPosition":34.157143},{"type":1,"time":2536,"positionX":2.17392,"holdTime":0.0,"speed":1.0,"floorPosition":34.414288},{"type":1,"time":2552,"positionX":6.802246,"holdTime":0.0,"speed":1.0,"floorPosition":34.67143},{"type":1,"time":2568,"positionX":3.155685,"holdTime":0.0,"speed":1.0,"floorPosition":34.92857},{"type":1,"time":2584,"positionX":6.765503,"holdTime":0.0,"speed":1.0,"floorPosition":35.185715},{"type":1,"time":2600,"positionX":4.319778,"holdTime":0.0,"speed":1.0,"floorPosition":35.442856},{"type":1,"time":2616,"positionX":1.528748,"holdTime":0.0,"speed":1.0,"floorPosition":35.7},{"type":1,"time":2632,"positionX":4.502106,"holdTime":0.0,"speed":1.0,"floorPosition":35.95714},{"type":1,"time":2648,"positionX":7.208969,"holdTime":0.0,"speed":1.0,"floorPosition":36.214287},{"type":1,"time":2664,"positionX":3.117706,"holdTime":0.0,"speed":1.0,"floorPosition":36.471428},{"type":1,"time":2680,"positionX":5.938904,"holdTime":0.0,"speed":1.0,"floorPosition":36.72857},{"type":1,"time":2696,"positionX":0.6918182,"holdTime":0.0,"speed":1.0,"floorPosition":36.985714},{"type":1,"time":2712,"positionX":5.764374,"holdTime":0.0,"speed":1.0,"floorPosition":37.24286},{"type":1,"time":2728,"positionX":3.015427,"holdTime":0.0,"speed":1.0,"floorPosition":37.5},{"type":1,"time":2744,"positionX":6.872375,"holdTime":0.0,"speed":1.0,"floorPosition":37.75714},{"type":1,"time":2760,"positionX":4.067322,"holdTime":0.0,"speed":1.0,"floorPosition":38.014286},{"type":1,"time":2776,"positionX":1.304352,"holdTime":0.0,"speed":1.0,"floorPosition":38.27143},{"type":1,"time":2792,"positionX":5.455826,"holdTime":0.0,"speed":1.0,"floorPosition":38.528572},{"type":1,"time":2808,"positionX":2.524551,"holdTime":0.0,"speed":1.0,"floorPosition":38.785713},{"type":1,"time":2824,"positionX":6.74614,"holdTime":0.0,"speed":1.0,"floorPosition":39.04286},{"type":1,"time":2840,"positionX":4.025238,"holdTime":0.0,"speed":1.0,"floorPosition":39.3},{"type":1,"time":2856,"positionX":0.7996368,"holdTime":0.0,"speed":1.0,"floorPosition":39.557144},{"type":1,"time":2872,"positionX":5.32959,"holdTime":0.0,"speed":1.0,"floorPosition":39.814285},{"type":1,"time":2888,"positionX":1.865356,"holdTime":0.0,"speed":1.0,"floorPosition":40.07143},{"type":1,"time":2904,"positionX":4.207581,"holdTime":0.0,"speed":1.0,"floorPosition":40.32857},{"type":1,"time":2920,"positionX":6.143051,"holdTime":0.0,"speed":1.0,"floorPosition":40.585716},{"type":1,"time":2936,"positionX":2.021561,"holdTime":0.0,"speed":1.0,"floorPosition":40.842857},{"type":1,"time":2952,"positionX":6.030853,"holdTime":0.0,"speed":1.0,"floorPosition":41.100002},{"type":1,"time":2968,"positionX":4.081345,"holdTime":0.0,"speed":1.0,"floorPosition":41.357143},{"type":1,"time":2984,"positionX":7.293121,"holdTime":0.0,"speed":1.0,"floorPosition":41.614285},{"type":1,"time":3000,"positionX":5.021042,"holdTime":0.0,"speed":1.0,"floorPosition":41.87143},{"type":1,"time":3016,"positionX":2.692841,"holdTime":0.0,"speed":1.0,"floorPosition":42.128574}],"notesBelow":[],"speedEvents":[{"startTime":0.0,"endTime":2368.0,"value":1.0},{"startTime":2368.0,"endTime":6451200.0,"value":1.2}],"judgeLineMoveEvents":[{"startTime":0.0,"endTime":2312.0,"start":440260.0,"end":440260.0},{"startTime":2312.0,"endTime":3280.0,"start":440104.0,"end":440104.0},{"startTime":3280.0,"endTime":6451200.0,"start":440260.0,"end":440260.0}],"judgeLineRotateEvents":[{"startTime":0.0,"endTime":6451200.0,"start":0.0,"end":0.0}],"judgeLineDisappearEvents":[{"startTime":0.0,"endTime":6451200.0,"start":0.0,"end":0.0}]}]}